country,tech,date,cap_factor
HU,Solar,2022-01-01T00:00:00Z,1.0416026611089066
HU,Solar,2022-02-01T00:00:00Z,0.9734928115278296
HU,Solar,2022-03-01T00:00:00Z,0.9236401734819987
HU,Solar,2022-04-01T00:00:00Z,0.9462246627957116
HU,Solar,2022-05-01T00:00:00Z,0.9343633274853873
HU,Solar,2022-06-01T00:00:00Z,0.9695145961426778
HU,Solar,2022-07-01T00:00:00Z,0.9698598008104855
HU,Solar,2022-08-01T00:00:00Z,0.9778322629584641
HU,Solar,2022-09-01T00:00:00Z,0.9958020378015573
HU,Solar,2022-10-01T00:00:00Z,0.8749548954870008
HU,Solar,2022-11-01T00:00:00Z,1.070726627915016
HU,Solar,2022-12-01T00:00:00Z,1.1603393453160977
HU,Solar,2023-01-01T00:00:00Z,1.1111374261418308
HU,Solar,2023-02-01T00:00:00Z,0.965250075503187
HU,Solar,2023-03-01T00:00:00Z,0.9215327590387374
HU,Solar,2023-04-01T00:00:00Z,0.9016647425851023
HU,Solar,2023-05-01T00:00:00Z,0.8340413448953345
HU,Solar,2023-06-01T00:00:00Z,0.8818365245305718
HU,Solar,2023-07-01T00:00:00Z,0.8611663900955855
HU,Solar,2023-08-01T00:00:00Z,0.8299808717084811
HU,Solar,2023-09-01T00:00:00Z,0.8284372690455329
HU,Solar,2023-10-01T00:00:00Z,0.8539292377247442
HU,Solar,2023-11-01T00:00:00Z,1.0147043451840156
HU,Solar,2023-12-01T00:00:00Z,1.099244013153408
HU,Solar,2024-01-01T00:00:00Z,1.0068685900731948
HU,Solar,2024-02-01T00:00:00Z,0.9390875866308308
HU,Solar,2024-03-01T00:00:00Z,0.8244389743042628
HU,Solar,2024-04-01T00:00:00Z,0.6205249713179134
HU,Solar,2024-05-01T00:00:00Z,0.500171212273197
HU,Solar,2024-06-01T00:00:00Z,0.6760095914740094
HU,Solar,2024-07-01T00:00:00Z,0.5035555181268488
HU,Solar,2024-08-01T00:00:00Z,0.6592714652573751
HU,Solar,2024-09-01T00:00:00Z,0.5998649144797417
HU,Solar,2024-10-01T00:00:00Z,0.7952389967320069
HU,Solar,2024-11-01T00:00:00Z,0.8930029794814809
HU,Solar,2024-12-01T00:00:00Z,0.9915785761855317
HU,Solar,2025-01-01T00:00:00Z,0.9411759539094046
HU,Solar,2025-02-01T00:00:00Z,0.8745375048948134
HU,Solar,2025-03-01T00:00:00Z,0.6361203957057403
HU,Solar,2025-04-01T00:00:00Z,0.42707973497330237
HU,Solar,2025-05-01T00:00:00Z,0.4993121742768481
HU,Solar,2025-06-01T00:00:00Z,0.46024704354716167
HU,Solar,2025-07-01T00:00:00Z,0.7494000810096422
HU,Solar,2025-08-01T00:00:00Z,0.44115978022932645
HU,Solar,2025-09-01T00:00:00Z,0.665007887107526
HU,Solar,2025-10-01T00:00:00Z,0.7811237315705385
HU,Solar,2025-11-01T00:00:00Z,0.9603072062218365
HU,Solar,2025-12-01T00:00:00Z,1.0095353056418699
HU,Solar,2026-01-01T00:00:00Z,1.0430921565865563
HU,Solar,2026-02-01T00:00:00Z,0.997347072416708
HU,Solar,2026-03-01T00:00:00Z,0.5111479624881838
HU,Solar,2026-04-01T00:00:00Z,0.39403181900848444
HU,Solar,2026-05-01T00:00:00Z,0.38687813879841987
HU,Solar,2026-06-01T00:00:00Z,0.5483203209531342
HU,Solar,2026-07-01T00:00:00Z,0.6468486376201447
HU,Solar,2026-08-01T00:00:00Z,0.6772878799287493
HU,Solar,2026-09-01T00:00:00Z,0.6226078488576672
HU,Wind onshore,2022-01-01T00:00:00Z,1.0005637397654454
HU,Wind onshore,2022-02-01T00:00:00Z,0.9963343414046761
HU,Wind onshore,2022-03-01T00:00:00Z,1.0114615211169937
HU,Wind onshore,2022-04-01T00:00:00Z,0.9834266616562127
HU,Wind onshore,2022-05-01T00:00:00Z,0.9996918185428502
HU,Wind onshore,2022-06-01T00:00:00Z,0.9962686272508237
HU,Wind onshore,2022-07-01T00:00:00Z,0.9941914363048692
HU,Wind onshore,2022-08-01T00:00:00Z,1.0042520664885228
HU,Wind onshore,2022-09-01T00:00:00Z,0.979822583760672
HU,Wind onshore,2022-10-01T00:00:00Z,0.9540984799328567
HU,Wind onshore,2022-11-01T00:00:00Z,0.9607100153878629
HU,Wind onshore,2022-12-01T00:00:00Z,0.9902409033407118
HU,Wind onshore,2023-01-01T00:00:00Z,0.9959825448690867
HU,Wind onshore,2023-02-01T00:00:00Z,0.9828374340849136
HU,Wind onshore,2023-03-01T00:00:00Z,0.9876517348755458
HU,Wind onshore,2023-04-01T00:00:00Z,1.000966813915295
HU,Wind onshore,2023-05-01T00:00:00Z,1.0229395647590007
HU,Wind onshore,2023-06-01T00:00:00Z,1.0078590179838003
HU,Wind onshore,2023-07-01T00:00:00Z,1.0149122767525802
HU,Wind onshore,2023-08-01T00:00:00Z,0.9845875132958786
HU,Wind onshore,2023-09-01T00:00:00Z,1.0072659373636208
HU,Wind onshore,2023-10-01T00:00:00Z,0.9628186445465727
HU,Wind onshore,2023-11-01T00:00:00Z,0.9514578473421113
HU,Wind onshore,2023-12-01T00:00:00Z,0.9494688823613179
HU,Wind onshore,2024-01-01T00:00:00Z,0.9916483427989238
HU,Wind onshore,2024-02-01T00:00:00Z,0.9893393167045671
HU,Wind onshore,2024-03-01T00:00:00Z,0.9993058124634094
HU,Wind onshore,2024-04-01T00:00:00Z,0.988911853776399
HU,Wind onshore,2024-05-01T00:00:00Z,1.0645746635424858
HU,Wind onshore,2024-06-01T00:00:00Z,1.0206541970810097
HU,Wind onshore,2024-07-01T00:00:00Z,1.0183928461871101
HU,Wind onshore,2024-08-01T00:00:00Z,1.0200991104115906
HU,Wind onshore,2024-09-01T00:00:00Z,1.0295111686145417
HU,Wind onshore,2024-10-01T00:00:00Z,1.0063882353109228
HU,Wind onshore,2024-11-01T00:00:00Z,0.9859711334341006
HU,Wind onshore,2024-12-01T00:00:00Z,0.9852278413921955
HU,Wind onshore,2025-01-01T00:00:00Z,0.9951602504452624
HU,Wind onshore,2025-02-01T00:00:00Z,0.9970634229875364
HU,Wind onshore,2025-03-01T00:00:00Z,1.0349740591676573
HU,Wind onshore,2025-04-01T00:00:00Z,1.0209984475932001
HU,Wind onshore,2025-05-01T00:00:00Z,1.0558405181207149
HU,Wind onshore,2025-06-01T00:00:00Z,1.0468233100043276
HU,Wind onshore,2025-07-01T00:00:00Z,1.0241841990517806
HU,Wind onshore,2025-08-01T00:00:00Z,1.1116012367283539
HU,Wind onshore,2025-09-01T00:00:00Z,1.0522276305194183
HU,Wind onshore,2025-10-01T00:00:00Z,0.9984758290242864
HU,Wind onshore,2025-11-01T00:00:00Z,1.0012288650381973
HU,Wind onshore,2025-12-01T00:00:00Z,0.9857808882168261
HU,Wind onshore,2026-01-01T00:00:00Z,0.9774243217266286
HU,Wind onshore,2026-02-01T00:00:00Z,0.9945497699668313
HU,Wind onshore,2026-03-01T00:00:00Z,1.0233588330370091
HU,Wind onshore,2026-04-01T00:00:00Z,1.1378040039008317
HU,Wind onshore,2026-05-01T00:00:00Z,1.1444733179852662
HU,Wind onshore,2026-06-01T00:00:00Z,1.1099243435095736
HU,Wind onshore,2026-07-01T00:00:00Z,0.9689184681360143
HU,Wind onshore,2026-08-01T00:00:00Z,1.0659386710711525
HU,Wind onshore,2026-09-01T00:00:00Z,0.9950785192475522
PL,Solar,2022-01-01T00:00:00Z,1.1397170174816744
PL,Solar,2022-02-01T00:00:00Z,1.069317086904314
PL,Solar,2022-03-01T00:00:00Z,0.8395923233669093
PL,Solar,2022-04-01T00:00:00Z,0.9010177217481545
PL,Solar,2022-05-01T00:00:00Z,0.8583977733080516
PL,Solar,2022-06-01T00:00:00Z,0.8110508680557142
PL,Solar,2022-07-01T00:00:00Z,0.7765403332174637
PL,Solar,2022-08-01T00:00:00Z,0.8213214987403408
PL,Solar,2022-09-01T00:00:00Z,0.8835907500030373
PL,Solar,2022-10-01T00:00:00Z,0.9108758791375222
PL,Solar,2022-11-01T00:00:00Z,1.0531273556050822
PL,Solar,2022-12-01T00:00:00Z,1.113672520395632
PL,Solar,2023-01-01T00:00:00Z,1.0811626666466632
PL,Solar,2023-02-01T00:00:00Z,0.9974975575332611
PL,Solar,2023-03-01T00:00:00Z,0.9306388277358744
PL,Solar,2023-04-01T00:00:00Z,0.9660758603433015
PL,Solar,2023-05-01T00:00:00Z,0.907602270843378
PL,Solar,2023-06-01T00:00:00Z,0.9445137881881758
PL,Solar,2023-07-01T00:00:00Z,0.9593285073461857
PL,Solar,2023-08-01T00:00:00Z,0.9346594300234996
PL,Solar,2023-09-01T00:00:00Z,0.8697744309985036
PL,Solar,2023-10-01T00:00:00Z,0.9319146925290768
PL,Solar,2023-11-01T00:00:00Z,1.051944494468958
PL,Solar,2023-12-01T00:00:00Z,1.1271774457550663
PL,Solar,2024-01-01T00:00:00Z,1.05244591717994
PL,Solar,2024-02-01T00:00:00Z,1.003620597976006
PL,Solar,2024-03-01T00:00:00Z,0.910291363928819
PL,Solar,2024-04-01T00:00:00Z,0.9206611091166683
PL,Solar,2024-05-01T00:00:00Z,0.837136391978533
PL,Solar,2024-06-01T00:00:00Z,0.8295048318247162
PL,Solar,2024-07-01T00:00:00Z,0.6624056171966782
PL,Solar,2024-08-01T00:00:00Z,0.7069802190278114
PL,Solar,2024-09-01T00:00:00Z,0.6189366610233609
PL,Solar,2024-10-01T00:00:00Z,0.7825450404013969
PL,Solar,2024-11-01T00:00:00Z,1.0273367573874292
PL,Solar,2024-12-01T00:00:00Z,1.143100655696332
PL,Solar,2025-01-01T00:00:00Z,1.011003309825839
PL,Solar,2025-02-01T00:00:00Z,0.9024674045351453
PL,Solar,2025-03-01T00:00:00Z,0.540173076354789
PL,Solar,2025-04-01T00:00:00Z,0.5434602383426628
PL,Solar,2025-05-01T00:00:00Z,0.683962533709084
PL,Solar,2025-06-01T00:00:00Z,0.4672182735783832
PL,Solar,2025-07-01T00:00:00Z,0.7879889843346642
PL,Solar,2025-08-01T00:00:00Z,0.6910508285364702
PL,Solar,2025-09-01T00:00:00Z,0.7595232474711997
PL,Solar,2025-10-01T00:00:00Z,0.8627824638212085
PL,Solar,2025-11-01T00:00:00Z,0.9649668278927565
PL,Solar,2025-12-01T00:00:00Z,1.00607738684165
PL,Solar,2026-01-01T00:00:00Z,1.0447978424291782
PL,Solar,2026-02-01T00:00:00Z,0.964399843078337
PL,Solar,2026-03-01T00:00:00Z,0.5294282038049514
PL,Solar,2026-04-01T00:00:00Z,0.4894930296183168
PL,Solar,2026-05-01T00:00:00Z,0.5522568356820841
PL,Solar,2026-06-01T00:00:00Z,0.6386257402815684
PL,Solar,2026-07-01T00:00:00Z,0.645962793804584
PL,Solar,2026-08-01T00:00:00Z,0.6252570698331625
PL,Solar,2026-09-01T00:00:00Z,0.7034314277424021
PL,Wind onshore,2022-01-01T00:00:00Z,0.9853776880347824
PL,Wind onshore,2022-02-01T00:00:00Z,0.9943121200234246
PL,Wind onshore,2022-03-01T00:00:00Z,1.0089538013942878
PL,Wind onshore,2022-04-01T00:00:00Z,0.9894411395530125
PL,Wind onshore,2022-05-01T00:00:00Z,0.9844691329468023
PL,Wind onshore,2022-06-01T00:00:00Z,0.9901117911119955
PL,Wind onshore,2022-07-01T00:00:00Z,0.9455860359171754
PL,Wind onshore,2022-08-01T00:00:00Z,1.0224594154468518
PL,Wind onshore,2022-09-01T00:00:00Z,0.9972398650008949
PL,Wind onshore,2022-10-01T00:00:00Z,0.9716309210002245
PL,Wind onshore,2022-11-01T00:00:00Z,0.9905899650740523
PL,Wind onshore,2022-12-01T00:00:00Z,0.9921353098307694
PL,Wind onshore,2023-01-01T00:00:00Z,0.9865082614373293
PL,Wind onshore,2023-02-01T00:00:00Z,0.9929031773211421
PL,Wind onshore,2023-03-01T00:00:00Z,0.9906734086599667
PL,Wind onshore,2023-04-01T00:00:00Z,0.9938247957662787
PL,Wind onshore,2023-05-01T00:00:00Z,0.9926578188112077
PL,Wind onshore,2023-06-01T00:00:00Z,0.9923921953462147
PL,Wind onshore,2023-07-01T00:00:00Z,0.9727879304782843
PL,Wind onshore,2023-08-01T00:00:00Z,0.991231641862855
PL,Wind onshore,2023-09-01T00:00:00Z,0.9944663618530047
PL,Wind onshore,2023-10-01T00:00:00Z,0.9576613907951775
PL,Wind onshore,2023-11-01T00:00:00Z,0.9768769176054899
PL,Wind onshore,2023-12-01T00:00:00Z,0.9916582344444181
PL,Wind onshore,2024-01-01T00:00:00Z,0.9962000097774871
PL,Wind onshore,2024-02-01T00:00:00Z,0.9961912563153602
PL,Wind onshore,2024-03-01T00:00:00Z,1.0010214210489592
PL,Wind onshore,2024-04-01T00:00:00Z,0.9842853247170154
PL,Wind onshore,2024-05-01T00:00:00Z,1.0145602265741465
PL,Wind onshore,2024-06-01T00:00:00Z,0.9789138835683701
PL,Wind onshore,2024-07-01T00:00:00Z,0.9651692534615813
PL,Wind onshore,2024-08-01T00:00:00Z,1.0177508291288424
PL,Wind onshore,2024-09-01T00:00:00Z,1.0137100321144952
PL,Wind onshore,2024-10-01T00:00:00Z,1.0039399636321038
PL,Wind onshore,2024-11-01T00:00:00Z,0.9750249627896789
PL,Wind onshore,2024-12-01T00:00:00Z,0.979149082300251
PL,Wind onshore,2025-01-01T00:00:00Z,0.9878250236551899
PL,Wind onshore,2025-02-01T00:00:00Z,0.9959627611449348
PL,Wind onshore,2025-03-01T00:00:00Z,1.0144081981449988
PL,Wind onshore,2025-04-01T00:00:00Z,1.0152758605999535
PL,Wind onshore,2025-05-01T00:00:00Z,0.9872587546590261
PL,Wind onshore,2025-06-01T00:00:00Z,0.9995580088502669
PL,Wind onshore,2025-07-01T00:00:00Z,0.9822042969136965
PL,Wind onshore,2025-08-01T00:00:00Z,1.0067777124467072
PL,Wind onshore,2025-09-01T00:00:00Z,1.0166337031411166
PL,Wind onshore,2025-10-01T00:00:00Z,1.0029956191153402
PL,Wind onshore,2025-11-01T00:00:00Z,0.9899251044194534
PL,Wind onshore,2025-12-01T00:00:00Z,0.9977068417063171
PL,Wind onshore,2026-01-01T00:00:00Z,0.9946551568327646
PL,Wind onshore,2026-02-01T00:00:00Z,0.997140649811191
PL,Wind onshore,2026-03-01T00:00:00Z,1.0655069252097842
PL,Wind onshore,2026-04-01T00:00:00Z,1.0168921175395589
PL,Wind onshore,2026-05-01T00:00:00Z,0.9929718877870878
PL,Wind onshore,2026-06-01T00:00:00Z,1.047157300786158
PL,Wind onshore,2026-07-01T00:00:00Z,1.02719187865076
PL,Wind onshore,2026-08-01T00:00:00Z,1.0305738538312783
PL,Wind onshore,2026-09-01T00:00:00Z,0.9939555756024918
RO,Solar,2022-01-01T00:00:00Z,1.0590487872961285
RO,Solar,2022-02-01T00:00:00Z,0.9956335739551572
RO,Solar,2022-03-01T00:00:00Z,0.9537763328022295
RO,Solar,2022-04-01T00:00:00Z,0.9411651938820446
RO,Solar,2022-05-01T00:00:00Z,0.9347891479861147
RO,Solar,2022-06-01T00:00:00Z,0.9520069383931651
RO,Solar,2022-07-01T00:00:00Z,0.9447162081667426
RO,Solar,2022-08-01T00:00:00Z,0.978601493397592
RO,Solar,2022-09-01T00:00:00Z,0.9673708217336696
RO,Solar,2022-10-01T00:00:00Z,0.8822139224036519
RO,Solar,2022-11-01T00:00:00Z,1.0567707261691046
RO,Solar,2022-12-01T00:00:00Z,1.1666927599597345
RO,Solar,2023-01-01T00:00:00Z,1.118276181060347
RO,Solar,2023-02-01T00:00:00Z,0.9715916904535549
RO,Solar,2023-03-01T00:00:00Z,0.8930548852968876
RO,Solar,2023-04-01T00:00:00Z,0.8633088908653033
RO,Solar,2023-05-01T00:00:00Z,0.8562117940239936
RO,Solar,2023-06-01T00:00:00Z,0.8515252050840909
RO,Solar,2023-07-01T00:00:00Z,0.8761605774400306
RO,Solar,2023-08-01T00:00:00Z,0.8261977180852051
RO,Solar,2023-09-01T00:00:00Z,0.841967481789302
RO,Solar,2023-10-01T00:00:00Z,0.8700106503182119
RO,Solar,2023-11-01T00:00:00Z,0.9692446842762918
RO,Solar,2023-12-01T00:00:00Z,1.0750246504249914
RO,Solar,2024-01-01T00:00:00Z,0.9992562640867909
RO,Solar,2024-02-01T00:00:00Z,0.9076852614805108
RO,Solar,2024-03-01T00:00:00Z,0.7562580612067076
RO,Solar,2024-04-01T00:00:00Z,0.5043715308050303
RO,Solar,2024-05-01T00:00:00Z,0.7786250217291434
RO,Solar,2024-06-01T00:00:00Z,0.7041979731393236
RO,Solar,2024-07-01T00:00:00Z,0.545225229946992
RO,Solar,2024-08-01T00:00:00Z,0.6617996360194615
RO,Solar,2024-09-01T00:00:00Z,0.5663937249643078
RO,Solar,2024-10-01T00:00:00Z,0.6354557753199565
RO,Solar,2024-11-01T00:00:00Z,0.8759589399374464
RO,Solar,2024-12-01T00:00:00Z,0.9708920874281912
RO,Solar,2025-01-01T00:00:00Z,0.9587794813520913
RO,Solar,2025-02-01T00:00:00Z,0.8893843267009116
RO,Solar,2025-03-01T00:00:00Z,0.5213870336968432
RO,Solar,2025-04-01T00:00:00Z,0.4010710791150671
RO,Solar,2025-05-01T00:00:00Z,0.4803395017554127
RO,Solar,2025-06-01T00:00:00Z,0.4429032613173606
RO,Solar,2025-07-01T00:00:00Z,0.7219733514785599
RO,Solar,2025-08-01T00:00:00Z,0.40405023197244333
RO,Solar,2025-09-01T00:00:00Z,0.5412731956613885
RO,Solar,2025-10-01T00:00:00Z,0.7864987733511205
RO,Solar,2025-11-01T00:00:00Z,0.9191817788249317
RO,Solar,2025-12-01T00:00:00Z,1.004596060608039
RO,Solar,2026-01-01T00:00:00Z,1.0381617020674105
RO,Solar,2026-02-01T00:00:00Z,0.977680592628672
RO,Solar,2026-03-01T00:00:00Z,0.5106140560671665
RO,Solar,2026-04-01T00:00:00Z,0.3575755587566699
RO,Solar,2026-05-01T00:00:00Z,0.3858021976007985
RO,Solar,2026-06-01T00:00:00Z,0.5441913441071433
RO,Solar,2026-07-01T00:00:00Z,0.595444516270353
RO,Solar,2026-08-01T00:00:00Z,0.6711729201914608
RO,Solar,2026-09-01T00:00:00Z,0.6373199273250032
RO,Wind onshore,2022-01-01T00:00:00Z,0.9656414703363823
RO,Wind onshore,2022-02-01T00:00:00Z,0.9809217425666854
RO,Wind onshore,2022-03-01T00:00:00Z,0.9562999987806907
RO,Wind onshore,2022-04-01T00:00:00Z,0.9632762671175166
RO,Wind onshore,2022-05-01T00:00:00Z,0.9988351415736141
RO,Wind onshore,2022-06-01T00:00:00Z,0.96219169208142
RO,Wind onshore,2022-07-01T00:00:00Z,0.9991726787828453
RO,Wind onshore,2022-08-01T00:00:00Z,0.9846432826042578
RO,Wind onshore,2022-09-01T00:00:00Z,0.9837835178520709
RO,Wind onshore,2022-10-01T00:00:00Z,0.9908969543930899
RO,Wind onshore,2022-11-01T00:00:00Z,0.9990231683704196
RO,Wind onshore,2022-12-01T00:00:00Z,0.9826302436513391
RO,Wind onshore,2023-01-01T00:00:00Z,0.9873034285848701
RO,Wind onshore,2023-02-01T00:00:00Z,0.9914608774123619
RO,Wind onshore,2023-03-01T00:00:00Z,0.9639820570358234
RO,Wind onshore,2023-04-01T00:00:00Z,0.9767676302986321
RO,Wind onshore,2023-05-01T00:00:00Z,0.9910564169566674
RO,Wind onshore,2023-06-01T00:00:00Z,0.987093951881604
RO,Wind onshore,2023-07-01T00:00:00Z,1.0010499648779458
RO,Wind onshore,2023-08-01T00:00:00Z,0.9591860758922974
RO,Wind onshore,2023-09-01T00:00:00Z,0.9917539904813786
RO,Wind onshore,2023-10-01T00:00:00Z,0.9808930059532918
RO,Wind onshore,2023-11-01T00:00:00Z,0.9882025054072088
RO,Wind onshore,2023-12-01T00:00:00Z,1.0226498228143717
RO,Wind onshore,2024-01-01T00:00:00Z,0.999944473841976
RO,Wind onshore,2024-02-01T00:00:00Z,1.0098967718201084
RO,Wind onshore,2024-03-01T00:00:00Z,0.9986649192964563
RO,Wind onshore,2024-04-01T00:00:00Z,0.9684180503521895
RO,Wind onshore,2024-05-01T00:00:00Z,0.9805688202053885
RO,Wind onshore,2024-06-01T00:00:00Z,1.0432450314498891
RO,Wind onshore,2024-07-01T00:00:00Z,0.9236406831730901
RO,Wind onshore,2024-08-01T00:00:00Z,1.0470303570683177
RO,Wind onshore,2024-09-01T00:00:00Z,0.9925258964046717
RO,Wind onshore,2024-10-01T00:00:00Z,0.9549001615026322
RO,Wind onshore,2024-11-01T00:00:00Z,0.997497010856371
RO,Wind onshore,2024-12-01T00:00:00Z,0.9961089430579783
RO,Wind onshore,2025-01-01T00:00:00Z,0.9943672548480735
RO,Wind onshore,2025-02-01T00:00:00Z,0.9971159514338708
RO,Wind onshore,2025-03-01T00:00:00Z,1.0462308910344664
RO,Wind onshore,2025-04-01T00:00:00Z,1.0077906049036143
RO,Wind onshore,2025-05-01T00:00:00Z,1.0394733472671247
RO,Wind onshore,2025-06-01T00:00:00Z,1.0569143286895017
RO,Wind onshore,2025-07-01T00:00:00Z,1.0365772966443187
RO,Wind onshore,2025-08-01T00:00:00Z,1.0583644839159476
RO,Wind onshore,2025-09-01T00:00:00Z,0.9887991016728871
RO,Wind onshore,2025-10-01T00:00:00Z,1.0016733982391854
RO,Wind onshore,2025-11-01T00:00:00Z,1.0045996203198553
RO,Wind onshore,2025-12-01T00:00:00Z,0.9874326052867082
RO,Wind onshore,2026-01-01T00:00:00Z,0.9804972932527695
RO,Wind onshore,2026-02-01T00:00:00Z,0.998090879895488
RO,Wind onshore,2026-03-01T00:00:00Z,0.9962348203755464
RO,Wind onshore,2026-04-01T00:00:00Z,1.0612049213163022
RO,Wind onshore,2026-05-01T00:00:00Z,1.011308915336763
RO,Wind onshore,2026-06-01T00:00:00Z,1.042037027449691
RO,Wind onshore,2026-07-01T00:00:00Z,1.070804598757338
RO,Wind onshore,2026-08-01T00:00:00Z,0.9916556609391166
RO,Wind onshore,2026-09-01T00:00:00Z,1.0796863723724224
SK,Solar,2022-01-01T00:00:00Z,1.0696782339913957
SK,Solar,2022-02-01T00:00:00Z,1.0438002609367403
SK,Solar,2022-03-01T00:00:00Z,0.9263723044358231
SK,Solar,2022-04-01T00:00:00Z,0.9628280339105031
SK,Solar,2022-05-01T00:00:00Z,0.9370138285301715
SK,Solar,2022-06-01T00:00:00Z,0.9598624284163115
SK,Solar,2022-07-01T00:00:00Z,0.9556351426529893
SK,Solar,2022-08-01T00:00:00Z,0.9807382814899755
SK,Solar,2022-09-01T00:00:00Z,0.9872994837382632
SK,Solar,2022-10-01T00:00:00Z,0.8781582667636232
SK,Solar,2022-11-01T00:00:00Z,1.0892741919665645
SK,Solar,2022-12-01T00:00:00Z,1.1716371780254022
SK,Solar,2023-01-01T00:00:00Z,1.100355713164402
SK,Solar,2023-02-01T00:00:00Z,0.9671750626713238
SK,Solar,2023-03-01T00:00:00Z,0.9046044414748431
SK,Solar,2023-04-01T00:00:00Z,0.9067817770872639
SK,Solar,2023-05-01T00:00:00Z,0.8223652185732462
SK,Solar,2023-06-01T00:00:00Z,0.8708277112585125
SK,Solar,2023-07-01T00:00:00Z,0.8646853550951586
SK,Solar,2023-08-01T00:00:00Z,0.8510912509978125
SK,Solar,2023-09-01T00:00:00Z,0.8237503039509966
SK,Solar,2023-10-01T00:00:00Z,0.8905855046185048
SK,Solar,2023-11-01T00:00:00Z,1.0510442469194836
SK,Solar,2023-12-01T00:00:00Z,1.1179345979174913
SK,Solar,2024-01-01T00:00:00Z,1.0109888237395155
SK,Solar,2024-02-01T00:00:00Z,0.9358795933634663
SK,Solar,2024-03-01T00:00:00Z,0.8116037174279689
SK,Solar,2024-04-01T00:00:00Z,0.6034982126874874
SK,Solar,2024-05-01T00:00:00Z,0.48842185025029433
SK,Solar,2024-06-01T00:00:00Z,0.6818620894344755
SK,Solar,2024-07-01T00:00:00Z,0.5629568492624177
SK,Solar,2024-08-01T00:00:00Z,0.7019680898562555
SK,Solar,2024-09-01T00:00:00Z,0.6990722945113419
SK,Solar,2024-10-01T00:00:00Z,0.7967596614430099
SK,Solar,2024-11-01T00:00:00Z,0.9556289515241564
SK,Solar,2024-12-01T00:00:00Z,1.0095239797360587
SK,Solar,2025-01-01T00:00:00Z,0.9433581313629291
SK,Solar,2025-02-01T00:00:00Z,0.8984321461311595
SK,Solar,2025-03-01T00:00:00Z,0.6571720399602259
SK,Solar,2025-04-01T00:00:00Z,0.38073683131791514
SK,Solar,2025-05-01T00:00:00Z,0.41226866566809983
SK,Solar,2025-06-01T00:00:00Z,0.41556643385065906
SK,Solar,2025-07-01T00:00:00Z,0.7605153029394864
SK,Solar,2025-08-01T00:00:00Z,0.3728250719539495
SK,Solar,2025-09-01T00:00:00Z,0.6703872354247993
SK,Solar,2025-10-01T00:00:00Z,0.8673878347920247
SK,Solar,2025-11-01T00:00:00Z,0.9523455730934973
SK,Solar,2025-12-01T00:00:00Z,1.0382016528726814
SK,Solar,2026-01-01T00:00:00Z,1.1116365145333462
SK,Solar,2026-02-01T00:00:00Z,0.9979737779108673
SK,Solar,2026-03-01T00:00:00Z,0.5014195641944512
SK,Solar,2026-04-01T00:00:00Z,0.34390302910326975
SK,Solar,2026-05-01T00:00:00Z,0.41304375056456905
SK,Solar,2026-06-01T00:00:00Z,0.5443654770708586
SK,Solar,2026-07-01T00:00:00Z,0.5937383182101087
SK,Solar,2026-08-01T00:00:00Z,0.6606090438487922
SK,Solar,2026-09-01T00:00:00Z,0.6584275770768564
SK,Wind onshore,2022-01-01T00:00:00Z,0.9959719876887084
SK,Wind onshore,2022-02-01T00:00:00Z,0.9637869749661556
SK,Wind onshore,2022-03-01T00:00:00Z,0.9974281272546747
SK,Wind onshore,2022-04-01T00:00:00Z,0.9726519318563118
SK,Wind onshore,2022-05-01T00:00:00Z,0.9972812942416461
SK,Wind onshore,2022-06-01T00:00:00Z,0.9769887182759023
SK,Wind onshore,2022-07-01T00:00:00Z,0.9835399720580251
SK,Wind onshore,2022-08-01T00:00:00Z,0.9990889816120915
SK,Wind onshore,2022-09-01T00:00:00Z,0.9766361882395306
SK,Wind onshore,2022-10-01T00:00:00Z,0.9776554376663691
SK,Wind onshore,2022-11-01T00:00:00Z,0.9694105093986268
SK,Wind onshore,2022-12-01T00:00:00Z,0.978992086137735
SK,Wind onshore,2023-01-01T00:00:00Z,1.006888859882618
SK,Wind onshore,2023-02-01T00:00:00Z,0.9954409839631208
SK,Wind onshore,2023-03-01T00:00:00Z,0.9853797097199826
SK,Wind onshore,2023-04-01T00:00:00Z,0.9796667311164425
SK,Wind onshore,2023-05-01T00:00:00Z,1.0158067779623172
SK,Wind onshore,2023-06-01T00:00:00Z,1.0100008159587337
SK,Wind onshore,2023-07-01T00:00:00Z,0.9863885929169348
SK,Wind onshore,2023-08-01T00:00:00Z,0.9939463239426487
SK,Wind onshore,2023-09-01T00:00:00Z,1.014882353002685
SK,Wind onshore,2023-10-01T00:00:00Z,0.9806438636219924
SK,Wind onshore,2023-11-01T00:00:00Z,0.9895182097205042
SK,Wind onshore,2023-12-01T00:00:00Z,0.9981150634299737
SK,Wind onshore,2024-01-01T00:00:00Z,0.9835351425481728
SK,Wind onshore,2024-02-01T00:00:00Z,1.0125888914049648
SK,Wind onshore,2024-03-01T00:00:00Z,0.9951252926064558
SK,Wind onshore,2024-04-01T00:00:00Z,0.9791072824091157
SK,Wind onshore,2024-05-01T00:00:00Z,1.0207062413706498
SK,Wind onshore,2024-06-01T00:00:00Z,1.011612737442828
SK,Wind onshore,2024-07-01T00:00:00Z,0.9141583715392511
SK,Wind onshore,2024-08-01T00:00:00Z,1.0134738124792908
SK,Wind onshore,2024-09-01T00:00:00Z,1.012312177618142
SK,Wind onshore,2024-10-01T00:00:00Z,1.025438313091216
SK,Wind onshore,2024-11-01T00:00:00Z,0.9895840760227776
SK,Wind onshore,2024-12-01T00:00:00Z,1.0097940696240715
SK,Wind onshore,2025-01-01T00:00:00Z,0.9803484705762908
SK,Wind onshore,2025-02-01T00:00:00Z,1.0100377904009614
SK,Wind onshore,2025-03-01T00:00:00Z,0.9974174519818718
SK,Wind onshore,2025-04-01T00:00:00Z,1.0216591501972097
SK,Wind onshore,2025-05-01T00:00:00Z,1.067505174253429
SK,Wind onshore,2025-06-01T00:00:00Z,1.0616940806312951
SK,Wind onshore,2025-07-01T00:00:00Z,1.0622575190457657
SK,Wind onshore,2025-08-01T00:00:00Z,1.091010532618458
SK,Wind onshore,2025-09-01T00:00:00Z,1.0247250215293215
SK,Wind onshore,2025-10-01T00:00:00Z,1.0063718996407234
SK,Wind onshore,2025-11-01T00:00:00Z,1.0044664585981826
SK,Wind onshore,2025-12-01T00:00:00Z,0.9911662029603227
SK,Wind onshore,2026-01-01T00:00:00Z,0.9816877034624572
SK,Wind onshore,2026-02-01T00:00:00Z,0.9831876305591003
SK,Wind onshore,2026-03-01T00:00:00Z,1.019811287891588
SK,Wind onshore,2026-04-01T00:00:00Z,0.9671255691554306
SK,Wind onshore,2026-05-01T00:00:00Z,1.0098875800661944
SK,Wind onshore,2026-06-01T00:00:00Z,1.0257232104012726
SK,Wind onshore,2026-07-01T00:00:00Z,0.9830829236939829
SK,Wind onshore,2026-08-01T00:00:00Z,1.0248904259234075
SK,Wind onshore,2026-09-01T00:00:00Z,1.0153926909336923
UA,Solar,2022-01-01T00:00:00Z,1.2209440281297324
UA,Solar,2022-02-01T00:00:00Z,1.2329537345167498
UA,Solar,2022-03-01T00:00:00Z,1.1883448550735973
UA,Solar,2022-04-01T00:00:00Z,1.1884929735387655
UA,Solar,2022-05-01T00:00:00Z,1.1822649900373983
UA,Solar,2022-06-01T00:00:00Z,1.1806054411106024
UA,Solar,2022-07-01T00:00:00Z,1.0266562704192472
UA,Solar,2022-08-01T00:00:00Z,1.0596811721137362
UA,Solar,2022-09-01T00:00:00Z,1.1816693755556713
UA,Solar,2022-10-01T00:00:00Z,1.1964889155581964
UA,Solar,2022-11-01T00:00:00Z,1.2000574901358418
UA,Solar,2022-12-01T00:00:00Z,1.1999248167408056
UA,Solar,2023-01-01T00:00:00Z,1.200902438468732
UA,Solar,2023-02-01T00:00:00Z,1.1947437305831627
UA,Solar,2023-03-01T00:00:00Z,1.170713905838701
UA,Solar,2023-04-01T00:00:00Z,1.1047877112126625
UA,Solar,2023-05-01T00:00:00Z,1.0144735713025035
UA,Solar,2023-06-01T00:00:00Z,1.0181649733793705
UA,Solar,2023-07-01T00:00:00Z,0.7714107391477627
UA,Solar,2023-08-01T00:00:00Z,0.7755603383703358
UA,Solar,2023-09-01T00:00:00Z,0.8057825931461119
UA,Solar,2023-10-01T00:00:00Z,0.7629767586410066
UA,Solar,2023-11-01T00:00:00Z,1.001651114686998
UA,Solar,2023-12-01T00:00:00Z,1.2148847622116767
UA,Solar,2024-01-01T00:00:00Z,1.0225466741110536
UA,Solar,2024-02-01T00:00:00Z,0.9036809173815978
UA,Solar,2024-03-01T00:00:00Z,0.7912275918225642
UA,Solar,2024-04-01T00:00:00Z,0.8268370666608592
UA,Solar,2024-05-01T00:00:00Z,0.6925017365781262
UA,Solar,2024-06-01T00:00:00Z,0.6141920365566488
UA,Solar,2024-07-01T00:00:00Z,0.6571341358662958
UA,Solar,2024-08-01T00:00:00Z,0.6021200811165055
UA,Solar,2024-09-01T00:00:00Z,0.6647427818225373
UA,Solar,2024-10-01T00:00:00Z,0.7698927045709135
UA,Solar,2024-11-01T00:00:00Z,0.978597458856046
UA,Solar,2024-12-01T00:00:00Z,0.9609359340474939
UA,Solar,2025-01-01T00:00:00Z,0.9604657820134025
UA,Solar,2025-02-01T00:00:00Z,0.8291750226256707
UA,Solar,2025-03-01T00:00:00Z,0.6283914003816445
UA,Solar,2025-04-01T00:00:00Z,0.5816997957502074
UA,Solar,2025-05-01T00:00:00Z,0.6197047347151332
UA,Solar,2025-06-01T00:00:00Z,0.46755701811783135
UA,Solar,2025-07-01T00:00:00Z,0.6967141495269022
UA,Solar,2025-08-01T00:00:00Z,0.4924909622656624
UA,Solar,2025-09-01T00:00:00Z,0.45945849060258137
UA,Solar,2025-10-01T00:00:00Z,0.7222936906790453
UA,Solar,2025-11-01T00:00:00Z,0.8347390729662033
UA,Solar,2025-12-01T00:00:00Z,0.8754595041994166
UA,Solar,2026-01-01T00:00:00Z,0.8683346124567068
UA,Solar,2026-02-01T00:00:00Z,0.9170705656789669
UA,Solar,2026-03-01T00:00:00Z,0.5628283964165893
UA,Solar,2026-04-01T00:00:00Z,0.4299758654866519
UA,Solar,2026-05-01T00:00:00Z,0.26971218420584103
UA,Solar,2026-06-01T00:00:00Z,0.38858374452960787
UA,Solar,2026-07-01T00:00:00Z,0.482777805492169
UA,Solar,2026-08-01T00:00:00Z,0.5512083925855916
UA,Solar,2026-09-01T00:00:00Z,0.3271161868604453
UA,Wind onshore,2022-01-01T00:00:00Z,0.998923308516763
UA,Wind onshore,2022-02-01T00:00:00Z,1.0048345701867152
UA,Wind onshore,2022-03-01T00:00:00Z,0.9977797042270669
UA,Wind onshore,2022-04-01T00:00:00Z,0.9843124743499716
UA,Wind onshore,2022-05-01T00:00:00Z,0.9663174465509198
UA,Wind onshore,2022-06-01T00:00:00Z,0.9716603832070175
UA,Wind onshore,2022-07-01T00:00:00Z,1.002901214684054
UA,Wind onshore,2022-08-01T00:00:00Z,0.9894371534813061
UA,Wind onshore,2022-09-01T00:00:00Z,1.0014792834044837
UA,Wind onshore,2022-10-01T00:00:00Z,0.9601300797002572
UA,Wind onshore,2022-11-01T00:00:00Z,0.9779018780485488
UA,Wind onshore,2022-12-01T00:00:00Z,0.9913139321906469
UA,Wind onshore,2023-01-01T00:00:00Z,0.9846422287641922
UA,Wind onshore,2023-02-01T00:00:00Z,0.9884219465619957
UA,Wind onshore,2023-03-01T00:00:00Z,0.9991816514258497
UA,Wind onshore,2023-04-01T00:00:00Z,0.9779322658317995
UA,Wind onshore,2023-05-01T00:00:00Z,0.9754472795340625
UA,Wind onshore,2023-06-01T00:00:00Z,0.9928639127467499
UA,Wind onshore,2023-07-01T00:00:00Z,1.0043591856179426
UA,Wind onshore,2023-08-01T00:00:00Z,1.0146879692117052
UA,Wind onshore,2023-09-01T00:00:00Z,0.9842483338615883
UA,Wind onshore,2023-10-01T00:00:00Z,1.0116260319742698
UA,Wind onshore,2023-11-01T00:00:00Z,0.9962621536003426
UA,Wind onshore,2023-12-01T00:00:00Z,0.9818846596501258
UA,Wind onshore,2024-01-01T00:00:00Z,1.0191129581708829
UA,Wind onshore,2024-02-01T00:00:00Z,0.9973129317097783
UA,Wind onshore,2024-03-01T00:00:00Z,1.0234673328482846
UA,Wind onshore,2024-04-01T00:00:00Z,1.0132540737135596
UA,Wind onshore,2024-05-01T00:00:00Z,0.9554240437077509
UA,Wind onshore,2024-06-01T00:00:00Z,1.0559495355306345
UA,Wind onshore,2024-07-01T00:00:00Z,1.0313496917681582
UA,Wind onshore,2024-08-01T00:00:00Z,1.0598431553945573
UA,Wind onshore,2024-09-01T00:00:00Z,1.0166382833904866
UA,Wind onshore,2024-10-01T00:00:00Z,1.016225703322915
UA,Wind onshore,2024-11-01T00:00:00Z,0.9927123278338424
UA,Wind onshore,2024-12-01T00:00:00Z,0.9998201300027538
UA,Wind onshore,2025-01-01T00:00:00Z,1.0051041632791242
UA,Wind onshore,2025-02-01T00:00:00Z,1.0064644626570025
UA,Wind onshore,2025-03-01T00:00:00Z,1.0404624898718482
UA,Wind onshore,2025-04-01T00:00:00Z,1.0611439235327607
UA,Wind onshore,2025-05-01T00:00:00Z,1.002579115565197
UA,Wind onshore,2025-06-01T00:00:00Z,1.0475502031217407
UA,Wind onshore,2025-07-01T00:00:00Z,1.0416962097424132
UA,Wind onshore,2025-08-01T00:00:00Z,1.0396391220148056
UA,Wind onshore,2025-09-01T00:00:00Z,1.038951809101427
UA,Wind onshore,2025-10-01T00:00:00Z,1.0353768275158957
UA,Wind onshore,2025-11-01T00:00:00Z,0.8903132631711734
UA,Wind onshore,2025-12-01T00:00:00Z,1.0054373240226302
UA,Wind onshore,2026-01-01T00:00:00Z,0.9407204085606409
UA,Wind onshore,2026-02-01T00:00:00Z,0.9848552573153425
UA,Wind onshore,2026-03-01T00:00:00Z,1.0492086370016174
UA,Wind onshore,2026-04-01T00:00:00Z,NA
UA,Wind onshore,2026-05-01T00:00:00Z,NA
UA,Wind onshore,2026-06-01T00:00:00Z,NA
UA,Wind onshore,2026-07-01T00:00:00Z,NA
UA,Wind onshore,2026-08-01T00:00:00Z,NA
UA,Wind onshore,2026-09-01T00:00:00Z,NA
