country,date,price_uah,price_eur
UA,2022-01-01,2723.401893899241,88.07156881695721
UA,2022-01-02,2866.933423770768,92.71320729080892
UA,2022-01-03,2819.9583590422935,91.19408972862222
UA,2022-01-04,2977.4789063189473,96.2881163394717
UA,2022-01-05,2758.543793233384,89.63907055112885
UA,2022-01-06,3175.8572435233864,102.30806690022216
UA,2022-01-07,2857.8796852717182,92.06463754938352
UA,2022-01-08,3084.9369172571064,99.37913083383876
UA,2022-01-09,3022.255806716623,97.35990176942354
UA,2022-01-10,3189.863278020376,102.53662958325837
UA,2022-01-11,2856.3554463993582,91.79699982000767
UA,2022-01-12,3010.5039984071013,96.57656496516452
UA,2022-01-13,3286.301622445845,104.39464359286157
UA,2022-01-14,3085.8012762887442,97.09487265432011
UA,2022-01-15,2498.33275785841,78.6101499264791
UA,2022-01-16,2680.6643376391135,84.34722109036171
UA,2022-01-17,3103.509253181282,97.01801410426339
UA,2022-01-18,2853.244670412977,89.00341167373134
UA,2022-01-19,2799.955207438566,86.57709527462589
UA,2022-01-20,2806.4654041576127,87.17274188777557
UA,2022-01-21,2985.725208511,92.97067101704205
UA,2022-01-22,2868.5229880513925,89.32118276214295
UA,2022-01-23,2710.6029902662253,84.40380854456762
UA,2022-01-24,2869.6475921868127,89.36955867775397
UA,2022-01-25,2567.2906596269845,80.07918612410042
UA,2022-01-26,3262.380187806576,100.99591629666727
UA,2022-01-27,2637.826471162158,81.21311906485342
UA,2022-01-28,2514.686912568617,77.75009623564202
UA,2022-01-29,2373.875544527988,73.39643401172387
UA,2022-01-30,2215.1081861171883,68.48760129230219
UA,2022-01-31,2456.292371271777,76.68891831141413
UA,2022-02-01,2796.886083916203,88.10088967304019
UA,2022-02-02,2553.677108344432,80.0839547893197
UA,2022-02-03,2368.1281676014128,73.67729249364265
UA,2022-02-04,2130.1853940358187,66.73554953464053
UA,2022-02-05,1758.825748646451,55.1014025353057
UA,2022-02-06,1702.4587092421518,53.3355067776788
UA,2022-02-07,1797.2451010888658,55.68622600160701
UA,2022-02-08,2202.2225864636507,68.66410329328802
UA,2022-02-09,1971.0547900038353,61.73919875973235
UA,2022-02-10,2339.0372849560886,73.10405316152297
UA,2022-02-11,1839.6440775351787,57.70798743777714
UA,2022-02-12,1978.8539075476635,62.07487515245898
UA,2022-02-13,2006.9918679367727,62.9575377742608
UA,2022-02-14,2076.2486234978337,64.92801619559363
UA,2022-02-15,2110.106390182885,65.27501949437256
UA,2022-02-16,2094.6613523286933,65.40032884444985
UA,2022-02-17,2097.0762129738464,65.67318717818634
UA,2022-02-18,2131.0875070288926,66.18921408672551
UA,2022-02-19,2018.3782232863532,62.68858875501533
UA,2022-02-20,2007.9408169183755,62.36441449078562
UA,2022-02-21,2125.1874312229083,66.00780939318264
UA,2022-02-22,2170.8503591735375,67.23251041923453
UA,2022-02-23,2455.012945091458,74.6116097207765
UA,2022-02-24,2381.7960404580836,71.8042139737203
UA,2022-02-25,2635.0723146981086,79.4397560105186
UA,2022-02-26,1557.4261698770897,46.95186323704624
UA,2022-02-27,990.2803843663048,29.854069536256542
UA,2022-02-28,2411.7517496169735,72.70729136306961
UA,2022-03-01,2303.488790480053,69.44347844573836
UA,2022-03-02,2331.9259087285245,70.30077474182109
UA,2022-03-03,2358.4598763380777,71.1006965887991
UA,2022-03-04,2379.95078183086,71.7485848001658
UA,2022-03-05,2356.7173158094074,71.04816346382222
UA,2022-03-06,2314.3641052582448,69.77133751347561
UA,2022-03-07,2340.4979475982527,70.55919674888541
UA,2022-03-08,2339.5638601760193,70.53103673350334
UA,2022-03-09,2318.7963503595997,69.90495679499075
UA,2022-03-10,2346.668013278929,70.745206259709
UA,2022-03-11,2333.9469651069203,70.36170370558717
UA,2022-03-12,2225.6416894155327,67.09661506737973
UA,2022-03-13,2309.5245462713387,69.6254389045555
UA,2022-03-14,2303.075241147892,69.43101113777799
UA,2022-03-15,2254.6278592110093,67.97046366856924
UA,2022-03-16,2285.3995751043162,68.89814128445636
UA,2022-03-17,2263.024349819005,68.22359340680194
UA,2022-03-18,2256.537946810523,68.02804724683298
UA,2022-03-19,2247.645722956327,67.75997259498074
UA,2022-03-20,2249.930620155039,67.82885559108006
UA,2022-03-21,2284.429947195811,68.86890982691988
UA,2022-03-22,2279.782663316583,68.72880775252204
UA,2022-03-23,2268.1709879613545,70.36470204164341
UA,2022-03-24,2273.392347655981,70.73845129304816
UA,2022-03-25,2273.5105644870355,70.7745021366745
UA,2022-03-26,2251.8265869730894,70.09947878870133
UA,2022-03-27,2305.3727083039166,71.7663723311091
UA,2022-03-28,2282.187794191667,70.88948717110439
UA,2022-03-29,2255.0337732884104,70.31445441753408
UA,2022-03-30,2274.1003883177264,70.14130623371773
UA,2022-03-31,2296.949705358005,70.48971648083831
UA,2022-04-01,2314.315332273223,71.25947453369656
UA,2022-04-02,2308.2147226101915,71.07163226654284
UA,2022-04-03,2318.1568318985655,71.37775713801841
UA,2022-04-04,2353.5937139730027,72.80334179778592
UA,2022-04-05,2376.939669565217,73.87306282835708
UA,2022-04-06,2370.1153926949924,73.88255405149681
UA,2022-04-07,2340.5764328506552,73.28936322377045
UA,2022-04-08,2355.275057889009,73.77664287783041
UA,2022-04-09,2369.125198626416,74.21048472724361
UA,2022-04-10,2322.183013436428,72.74006757954507
UA,2022-04-11,2313.3099498016354,72.79229284829374
UA,2022-04-12,2295.795225537771,71.97933311400371
UA,2022-04-13,2348.6607993978514,73.91490216891951
UA,2022-04-14,2290.137170147481,72.27280149672997
UA,2022-04-15,2343.3076999707005,73.69888695549085
UA,2022-04-16,2338.0401680965633,73.53321889741578
UA,2022-04-17,2277.7702420234477,71.63768188853989
UA,2022-04-18,2375.769652122696,74.65456823173743
UA,2022-04-19,2350.899019269805,74.34472067415327
UA,2022-04-20,2315.9331336413193,73.33729586694152
UA,2022-04-21,2343.355170572143,73.97258001660873
UA,2022-04-22,2293.502889205413,72.062906555734
UA,2022-04-23,2297.093475844475,72.17572442514627
UA,2022-04-24,2269.1074565611343,71.29639093837613
UA,2022-04-25,2324.705633462057,73.43486950509867
UA,2022-04-26,2272.636000893956,72.26739086270355
UA,2022-04-27,2271.942927213786,72.76667405071971
UA,2022-04-28,2308.7593073593075,74.55715753445865
UA,2022-04-29,2333.4080832631244,76.03922466143938
UA,2022-04-30,2272.634484940522,74.0587835506526
UA,2022-05-01,2189.6769919427516,71.3554315340667
UA,2022-05-02,2317.3238212187794,75.12120219979315
UA,2022-05-03,2345.54256,76.23838600528508
UA,2022-05-04,2335.2016825151477,75.74740770043427
UA,2022-05-05,2346.9663724372617,76.19773294494537
UA,2022-05-06,2323.190538013512,75.28283147858885
UA,2022-05-07,2208.521752480118,71.56699727734143
UA,2022-05-08,2153.267455218271,69.77648553016968
UA,2022-05-09,2196.4157513479727,71.06692652785911
UA,2022-05-10,2252.7108848108323,72.99539499079202
UA,2022-05-11,2220.01587330185,71.90870488495825
UA,2022-05-12,2214.2162819345203,71.76501625200609
UA,2022-05-13,2190.881265912306,72.0262894066075
UA,2022-05-14,2262.212913124164,74.37135207425139
UA,2022-05-15,2289.512508282063,75.26883957031946
UA,2022-05-16,2373.0262580212784,78.1196919366516
UA,2022-05-17,2345.7608460874244,76.96267769782095
UA,2022-05-18,2347.2711012263994,76.106319344608
UA,2022-05-19,2326.773599776411,75.67875518862695
UA,2022-05-20,2308.910500022937,75.04064181973094
UA,2022-05-21,2222.1394492537847,72.22054318835265
UA,2022-05-22,2190.2122462956045,71.18289456513106
UA,2022-05-23,2280.310177124941,73.75348266786148
UA,2022-05-24,2200.5483548910915,70.57925855371319
UA,2022-05-25,2268.485583378095,72.37453087472426
UA,2022-05-26,2209.606390701234,70.86319013964248
UA,2022-05-27,2203.7851606181466,70.37272314122049
UA,2022-05-28,2163.5875923434755,69.08910784436901
UA,2022-05-29,2248.479676468421,71.79993793786609
UA,2022-05-30,2302.0880484537233,73.50146864665165
UA,2022-05-31,2308.694792430894,73.28468602870491
UA,2022-06-01,2281.5025559265787,72.80678558885445
UA,2022-06-02,2347.6728318846594,74.94637879643412
UA,2022-06-03,2284.1387254551946,73.02047023909856
UA,2022-06-04,2210.597745074059,70.66947600681758
UA,2022-06-05,2195.483108659513,70.18628387571653
UA,2022-06-06,2242.9745760350493,71.4605314211679
UA,2022-06-07,2248.715640206144,71.64024467826768
UA,2022-06-08,2216.7725069570756,71.07295285866591
UA,2022-06-09,2223.0478268936986,70.77290843633436
UA,2022-06-10,2222.9735282511556,70.81021897122183
UA,2022-06-11,2216.3788969238,70.6001547116209
UA,2022-06-12,2177.211793612263,69.35253249448174
UA,2022-06-13,2264.960944325694,73.22221934476117
UA,2022-06-14,2274.533931849291,74.42213463021115
UA,2022-06-15,2351.6686368260425,76.9348852300207
UA,2022-06-16,2251.1986075797195,73.57771904941525
UA,2022-06-17,2236.5316413802316,73.59796111621934
UA,2022-06-18,2202.8662162162163,72.49012673268558
UA,2022-06-19,2188.977018932484,72.03307234422509
UA,2022-06-20,2270.0598290688076,73.96765154232524
UA,2022-06-21,2245.9207341651713,72.93087020591426
UA,2022-06-22,2247.877937951707,72.83879128841278
UA,2022-06-23,2260.357302210239,73.49751585832956
UA,2022-06-24,2241.87682383759,72.94523027938679
UA,2022-06-25,2210.8068025579537,71.93428720127918
UA,2022-06-26,2223.4350021450023,72.34517816419768
UA,2022-06-27,2307.41647608798,74.9954977049728
UA,2022-06-28,2356.748641853198,76.24008132236457
UA,2022-06-29,2344.63715903439,75.84116367193994
UA,2022-06-30,2322.3497270811463,75.4558421410749
UA,2022-07-01,2374.4549486601036,78.10270309423825
UA,2022-07-02,2259.669000622489,74.32706067826761
UA,2022-07-03,2254.6441171602532,74.16177770191314
UA,2022-07-04,2366.3524460711783,77.51924412209848
UA,2022-07-05,2399.296328834076,78.45555264714977
UA,2022-07-06,2649.66625405069,87.98931555782922
UA,2022-07-07,2804.691632361062,94.07865344929466
UA,2022-07-08,2885.5010327584187,96.79413877427966
UA,2022-07-09,2449.0108375286604,82.15207417231599
UA,2022-07-10,2548.944699225563,85.50435579256987
UA,2022-07-11,2669.5068972554964,89.87936087187288
UA,2022-07-12,2687.5271366389543,91.06896559030577
UA,2022-07-13,2694.8882028036473,91.76430417310455
UA,2022-07-14,2689.597822498538,91.32946078692734
UA,2022-07-15,2668.608068820619,91.1553068043688
UA,2022-07-16,2623.144590125834,89.60234839236472
UA,2022-07-17,2644.8895892063233,90.34512215738549
UA,2022-07-18,2585.6028820670113,87.89395634769376
UA,2022-07-19,2630.023539689838,88.6589539580926
UA,2022-07-20,2616.299083350328,87.21578383059965
UA,2022-07-21,2743.3255627224826,92.03813820932695
UA,2022-07-22,2711.375513988214,72.75169146361213
UA,2022-07-23,2776.220012267302,74.49160056420504
UA,2022-07-24,2653.209787163912,71.19098731553417
UA,2022-07-25,2690.020631849184,72.2779922415728
UA,2022-07-26,2667.2506209384974,71.2949392817315
UA,2022-07-27,2720.627087597428,73.41775565071534
UA,2022-07-28,2686.341698187713,72.36054180505847
UA,2022-07-29,2710.162632603212,73.2545682051873
UA,2022-07-30,2707.2649777291804,73.17624579971566
UA,2022-07-31,2787.4594006088337,75.34386767961385
UA,2022-08-01,2724.35014858841,72.9674754888222
UA,2022-08-02,2782.8712205429065,74.38187009814442
UA,2022-08-03,3010.349459854496,80.53283164049867
UA,2022-08-04,2951.860454465808,79.24712888645561
UA,2022-08-05,2958.2986361829458,79.50193054046572
UA,2022-08-06,2959.216089637708,79.52658637471536
UA,2022-08-07,3140.968398090624,84.4110355731361
UA,2022-08-08,2997.558297805194,80.11220295066931
UA,2022-08-09,3027.3468368963145,81.17016532193044
UA,2022-08-10,3012.582123486465,80.59255983045834
UA,2022-08-11,3067.1358279932665,81.76804783747532
UA,2022-08-12,2954.794911240101,78.26939550218006
UA,2022-08-13,2952.732132144243,78.214754663226
UA,2022-08-14,2689.561169316331,71.24363389409535
UA,2022-08-15,2802.360209990233,74.5421569224652
UA,2022-08-16,2880.1264618798136,77.25308829478843
UA,2022-08-17,2888.7360858085813,78.00437679390221
UA,2022-08-18,2905.249695883117,78.15315345439845
UA,2022-08-19,2945.783279682181,79.15006246173677
UA,2022-08-20,2724.834935578717,73.21341554095811
UA,2022-08-21,2740.2100868904245,73.62652949780413
UA,2022-08-22,2875.8275116512787,78.2663750548055
UA,2022-08-23,2848.3101470490014,77.88950484976185
UA,2022-08-24,2998.394640871923,82.60495456697126
UA,2022-08-25,3190.5289234665433,87.8805277319439
UA,2022-08-26,3272.6215071677984,89.70805210323782
UA,2022-08-27,3269.0045132139194,89.60890422397313
UA,2022-08-28,3151.690611528851,86.39313314205968
UA,2022-08-29,3185.13484863207,87.15246106028917
UA,2022-08-30,3322.08764692146,90.8816448793965
UA,2022-08-31,3330.9052632385506,90.86831394350101
UA,2022-09-01,3225.504099028985,88.19985832883931
UA,2022-09-02,3203.467039181971,87.56661634799501
UA,2022-09-03,3136.5821662188214,85.73832158528565
UA,2022-09-04,3032.392462568316,82.89030108269141
UA,2022-09-05,3237.8431140641733,88.62571786927136
UA,2022-09-06,3319.5902921449915,91.5461149361302
UA,2022-09-07,3329.495545151775,91.7545001006359
UA,2022-09-08,3404.1413304075127,94.20073360639101
UA,2022-09-09,3512.04331492965,95.82891025781399
UA,2022-09-10,3568.2311205209767,97.3620394640244
UA,2022-09-11,3389.743585937207,92.49186435511942
UA,2022-09-12,3602.6419891030023,98.13468339642951
UA,2022-09-13,3676.16789462583,99.09609657454321
UA,2022-09-14,3670.1401680891445,98.61753089644868
UA,2022-09-15,3689.1985515710862,100.95499963251748
UA,2022-09-16,3659.0810504223045,100.21118238968673
UA,2022-09-17,3544.4605055708394,97.07207173118142
UA,2022-09-18,3379.9930252466806,92.5678040090892
UA,2022-09-19,3544.6011184477934,97.21703418880584
UA,2022-09-20,3607.631362659801,98.82188774186996
UA,2022-09-21,3553.461320476761,97.28926782360323
UA,2022-09-22,3595.7024061026855,99.30575242492586
UA,2022-09-23,3603.755550776076,99.89121958643993
UA,2022-09-24,3540.6062623903063,98.14080690056508
UA,2022-09-25,3345.5803530795342,92.73495301910188
UA,2022-09-26,3589.3852977526103,100.64054511522681
UA,2022-09-27,3602.0318445764924,102.22154933172028
UA,2022-09-28,3579.88796093916,101.53521399468937
UA,2022-09-29,3532.3461726859214,100.99862677876608
UA,2022-09-30,3539.918397933717,99.54468219300632
UA,2022-10-01,3538.1730047648393,99.49560066378258
UA,2022-10-02,3499.1408829003185,98.39799339447649
UA,2022-10-03,3524.5347231703686,98.90349177295965
UA,2022-10-04,3528.572243175636,98.81907512660221
UA,2022-10-05,3537.2603437354187,97.80028709571998
UA,2022-10-06,3541.9375404590005,97.80116193968364
UA,2022-10-07,3491.981667649384,96.79299903676002
UA,2022-10-08,3475.978034678144,96.34940002101472
UA,2022-10-09,3482.9276615081103,96.54203425769778
UA,2022-10-10,3529.91395468223,98.60921179658155
UA,2022-10-11,3619.2533106689802,102.0695431775271
UA,2022-10-12,3641.9050845788033,102.4546744286724
UA,2022-10-13,3634.7271460507027,102.37918197683275
UA,2022-10-14,3565.885043137582,100.0792869931346
UA,2022-10-15,3578.36082784977,100.4294294188077
UA,2022-10-16,3438.265836389138,96.49755649327088
UA,2022-10-17,3584.406414335801,100.87343604341234
UA,2022-10-18,3499.5787780291203,98.24868269236937
UA,2022-10-19,3673.52729158269,102.19827713882256
UA,2022-10-20,3608.8791245727734,100.91294812058432
UA,2022-10-21,3571.0039417357398,99.50800415017694
UA,2022-10-22,3591.522145937579,100.07975528296296
UA,2022-10-23,3550.3612792251797,98.93278491763442
UA,2022-10-24,3575.253158367447,100.32165639298182
UA,2022-10-25,3489.6831108379283,97.04913554011574
UA,2022-10-26,3474.6267380898103,96.30233417838524
UA,2022-10-27,3416.652584076136,93.24492542857281
UA,2022-10-28,3459.6404121899845,94.16908679672018
UA,2022-10-29,3464.8833285453493,94.311795456151
UA,2022-10-30,3447.871597351695,93.84874756663822
UA,2022-10-31,3457.372803127707,94.95798632575857
UA,2022-11-01,3487.1437864898435,96.22972171219044
UA,2022-11-02,3424.04267402657,94.20323528028334
UA,2022-11-03,3531.44297865949,97.50142130072528
UA,2022-11-04,3497.263049139049,98.15831712376081
UA,2022-11-05,3510.4355317246714,98.52803158469192
UA,2022-11-06,3519.44484263683,98.78089755020743
UA,2022-11-07,3524.2012647216493,97.94426791178986
UA,2022-11-08,3481.8816736297586,95.37233104882337
UA,2022-11-09,3458.9828125412314,94.66938932716337
UA,2022-11-10,3493.2842407147555,95.05638811619053
UA,2022-11-11,3407.6899585233946,93.66391600604129
UA,2022-11-12,3402.2657242558994,93.51482526450918
UA,2022-11-13,3407.4920021319826,93.65847496796454
UA,2022-11-14,3420.0965637460768,90.71344812096049
UA,2022-11-15,3415.759967321463,90.45351663607545
UA,2022-11-16,3420.4375734763985,89.87244930151236
UA,2022-11-17,3464.8597528994123,90.9567184138872
UA,2022-11-18,3380.3726115607506,89.5033801425211
UA,2022-11-19,3362.824665291819,89.03875665685644
UA,2022-11-20,3373.8028130703624,89.3294291497418
UA,2022-11-21,3397.7022443659475,89.67137612932885
UA,2022-11-22,3411.4357767980696,91.09769993132015
UA,2022-11-23,3411.4444209229573,90.840798233028
UA,2022-11-24,3417.096360071228,90.52846148532505
UA,2022-11-25,3166.8961640740827,83.18263913452765
UA,2022-11-26,3364.335407338097,88.36863718199648
UA,2022-11-27,3412.056101357403,89.62208316323462
UA,2022-11-28,3433.6647225780816,90.45481355579771
UA,2022-11-29,3493.661754394065,91.21355945888114
UA,2022-11-30,3388.0718777799484,89.31397037464541
UA,2022-12-01,3116.8332641308557,82.19540356570593
UA,2022-12-02,3268.0972155339236,85.54108665184985
UA,2022-12-03,3341.8974742862215,87.47277775909492
UA,2022-12-04,3205.5624965500288,83.90426636696841
UA,2022-12-05,3266.794745636707,84.76462510344443
UA,2022-12-06,3287.6171665188826,84.87393066579793
UA,2022-12-07,3412.25912792342,88.66096584066713
UA,2022-12-08,3379.1152186272225,87.71636880184468
UA,2022-12-09,3394.259351892762,88.24761918349272
UA,2022-12-10,3363.180195472623,87.4395897208121
UA,2022-12-11,3250.9451566517873,84.52158200894337
UA,2022-12-12,3310.1240158782666,85.75450818337478
UA,2022-12-13,3334.0154805040484,86.37345804414632
UA,2022-12-14,3339.9020556784662,86.57530342885754
UA,2022-12-15,3373.3529050601774,86.65776730110173
UA,2022-12-16,3381.3612687460877,87.0271417622873
UA,2022-12-17,3350.744468009975,86.2391476835128
UA,2022-12-18,2636.595413365029,67.85887238065041
UA,2022-12-19,3413.6136723933155,87.89433134282707
UA,2022-12-20,3418.4307108837115,88.1345496727911
UA,2022-12-21,3412.7297133508514,87.92953005250556
UA,2022-12-22,3365.4239369815023,86.58019009177892
UA,2022-12-23,3390.7023350742693,87.1731000733817
UA,2022-12-24,3357.8179616017846,86.32766084095066
UA,2022-12-25,3396.953264652466,87.3338080494358
UA,2022-12-26,3351.268527017182,86.29727885402434
UA,2022-12-27,3415.0639601846847,87.91922293180491
UA,2022-12-28,3422.270136235071,88.00958041195805
UA,2022-12-29,3403.837741141116,87.40406641231101
UA,2022-12-30,3435.8831503630176,88.21039640479108
UA,2022-12-31,3446.705107738328,88.48823156628399
UA,2023-01-01,2974.7987452889397,76.37284653253934
UA,2023-01-02,3486.5478609712873,89.31392937396029
UA,2023-01-03,3493.4021259996703,89.56499767972264
UA,2023-01-04,3523.355070422535,91.42595245246318
UA,2023-01-05,3510.618675830617,90.50295502797407
UA,2023-01-06,3494.808882187368,90.12512171263518
UA,2023-01-07,3422.567236079164,88.26213367302944
UA,2023-01-08,3492.7905466852594,90.07307230480872
UA,2023-01-09,3514.322344192307,91.58248949640263
UA,2023-01-10,3500.1611113610124,89.5578123149376
UA,2023-01-11,3528.4440384747077,90.02028361175492
UA,2023-01-12,3496.566459439651,89.03277737873672
UA,2023-01-13,3484.98483891284,88.54803056413955
UA,2023-01-14,3464.8884905144837,88.03741368789501
UA,2023-01-15,3457.637777327025,87.85318437195478
UA,2023-01-16,3484.660537114955,88.13870202460423
UA,2023-01-17,3480.725969354197,87.99022120259055
UA,2023-01-18,3514.9389039686234,88.56048052690304
UA,2023-01-19,3516.0486518608914,88.81759179991792
UA,2023-01-20,3484.3007957567975,88.16215972968632
UA,2023-01-21,3448.682093824452,87.26091099336946
UA,2023-01-22,3295.7538723408993,83.39141662995834
UA,2023-01-23,3494.5721876937832,88.34024353277289
UA,2023-01-24,3543.9611526972308,89.15199406059158
UA,2023-01-25,3512.144097016535,88.41677274439576
UA,2023-01-26,3478.7980525145335,87.48853963152924
UA,2023-01-27,3444.0271265429296,86.43930413753203
UA,2023-01-28,3396.22510734112,85.23955363489269
UA,2023-01-29,3421.4957606134494,85.87380464503316
UA,2023-01-30,3423.225283713954,86.12277496122981
UA,2023-01-31,3417.835477509099,85.71116298717277
UA,2023-02-01,3402.251039315958,85.92693060727719
UA,2023-02-02,3408.483828589602,85.57085150969446
UA,2023-02-03,3360.3595403689146,83.64846363097337
UA,2023-02-04,3286.1672643716824,81.80161664156691
UA,2023-02-05,2870.869940362743,71.46373979057121
UA,2023-02-06,2976.4670300844214,74.43791511718933
UA,2023-02-07,3103.873612377268,78.76952156168123
UA,2023-02-08,3388.3252571762155,86.55057683375394
UA,2023-02-09,3442.0048287918535,87.68009366095346
UA,2023-02-10,3468.7246319276014,88.07759345313924
UA,2023-02-11,3451.9237120807607,87.65098576733789
UA,2023-02-12,3366.3228972343013,85.47741635225458
UA,2023-02-13,3402.002890518907,87.08703808375162
UA,2023-02-14,3417.795829648488,87.41769456326878
UA,2023-02-15,3272.1098865246922,83.17407980388384
UA,2023-02-16,3440.224622116818,87.93378359264824
UA,2023-02-17,3421.1058079836093,87.48601975173277
UA,2023-02-18,3148.019737191759,80.50254285152536
UA,2023-02-19,2940.620763895278,75.19884524826435
UA,2023-02-20,3257.818207176429,83.88288202381783
UA,2023-02-21,3226.6661262988537,82.68372256955566
UA,2023-02-22,3058.1649277594574,78.44666857581207
UA,2023-02-23,2883.5484977381525,74.0647602468395
UA,2023-02-24,2542.6598641729256,65.49347847474637
UA,2023-02-25,2419.140433275332,62.311882185485764
UA,2023-02-26,2385.0273339900214,61.433201727580276
UA,2023-02-27,2821.670097844638,73.02421048143223
UA,2023-02-28,3104.8482967547325,80.41356858808973
UA,2023-03-01,3406.019553522597,87.7317770482676
UA,2023-03-02,3476.8892449969167,88.97898025348215
UA,2023-03-03,3500.9472252350165,90.26619324720873
UA,2023-03-04,3398.3881565727693,87.62187554816123
UA,2023-03-05,3225.218884284485,83.15698933560103
UA,2023-03-06,3429.072365887173,88.36722173254788
UA,2023-03-07,3408.615302522553,87.5966988204991
UA,2023-03-08,3116.4587608253387,79.88216195609021
UA,2023-03-09,3244.054530359047,84.11455697625817
UA,2023-03-10,3331.542552800327,86.26447245865047
UA,2023-03-11,3348.6561448926345,86.70759901949076
UA,2023-03-12,3060.9958755914868,79.25913903877739
UA,2023-03-13,3340.300633006688,86.2177714713697
UA,2023-03-14,3278.8159643155914,83.84732139736991
UA,2023-03-15,3061.096851421366,77.94445141220811
UA,2023-03-16,3112.1133112992684,80.5864916710282
UA,2023-03-17,3095.415477249968,79.94977599633152
UA,2023-03-18,3064.940727486136,79.16266052344282
UA,2023-03-19,3113.8150396947544,80.42500812807694
UA,2023-03-20,3241.494572290356,83.43121442721167
UA,2023-03-21,3244.1110196070745,82.86680254944824
UA,2023-03-22,3247.798188136631,82.3837522483596
UA,2023-03-23,3108.054228555697,78.83180378009904
UA,2023-03-24,2993.617895543939,75.27989376847192
UA,2023-03-25,3079.276924874992,77.43394376862413
UA,2023-03-26,2941.1639754659536,73.9608458241473
UA,2023-03-27,3173.41053451176,80.7327472171224
UA,2023-03-28,3122.846240216575,79.28038000138552
UA,2023-03-29,3221.622561639782,81.33130767991248
UA,2023-03-30,3175.3366138546626,79.98550624462297
UA,2023-03-31,3228.155241957792,81.14775929227353
UA,2023-04-01,3264.5319140658066,82.06217796511436
UA,2023-04-02,3134.0794094360213,78.78292785124687
UA,2023-04-03,3274.8153702121804,82.41162258664228
UA,2023-04-04,3165.3920759186108,79.6104744830012
UA,2023-04-05,3182.54617894772,79.8324903850647
UA,2023-04-06,3286.1306048114498,82.12205873796582
UA,2023-04-07,3102.739884807187,77.73446019269107
UA,2023-04-08,2973.11137908817,74.48681382472003
UA,2023-04-09,2745.144727875288,68.77545379072541
UA,2023-04-10,3080.3166720061795,77.17268047296427
UA,2023-04-11,3062.272817807986,76.89322831909568
UA,2023-04-12,2977.9966941632133,74.6673861161436
UA,2023-04-13,2729.8224652532394,68.34449028101274
UA,2023-04-14,2709.615815132219,67.29640733093959
UA,2023-04-15,2481.670916080456,61.63513509820103
UA,2023-04-16,2085.345431264374,51.791938467569565
UA,2023-04-17,2390.56440967085,59.14691221283037
UA,2023-04-18,2671.900283718231,66.55922506721514
UA,2023-04-19,3037.207660345986,75.72837538823998
UA,2023-04-20,3065.197781488901,76.69187322485159
UA,2023-04-21,2724.946193370104,68.01075697766967
UA,2023-04-22,2328.980952675576,58.12803128495637
UA,2023-04-23,2307.7426256274975,57.597953038643304
UA,2023-04-24,2531.043366166891,63.03890029182428
UA,2023-04-25,2448.013907598235,60.85181889722203
UA,2023-04-26,2215.4693525465345,54.99380309058116
UA,2023-04-27,2456.202214258317,60.809427018808684
UA,2023-04-28,2472.513465423211,61.2825890339639
UA,2023-04-29,2484.1201629685456,61.57026733608814
UA,2023-04-30,2550.051816776942,63.20441918244742
UA,2023-05-01,2610.849994896016,65.05623900249715
UA,2023-05-02,2717.168649143633,67.47494118704901
UA,2023-05-03,2742.694144843753,68.38510731011237
UA,2023-05-04,2907.6403669959846,72.0249583723513
UA,2023-05-05,2781.213802865314,68.68178165923302
UA,2023-05-06,2625.970127648273,64.8480554659253
UA,2023-05-07,2719.8952127916054,67.16752554172217
UA,2023-05-08,2933.355886599069,72.85994323423802
UA,2023-05-09,2933.749283941312,72.7111451358509
UA,2023-05-10,2873.4405208514204,71.67778431241585
UA,2023-05-11,2878.8648449568573,71.89182120238678
UA,2023-05-12,2834.9414776543335,70.92442521645114
UA,2023-05-13,2730.1051968981783,68.30163634653309
UA,2023-05-14,2759.9067303806746,69.04720963242814
UA,2023-05-15,2820.29760715527,70.81068694572683
UA,2023-05-16,2965.6686265947483,74.57012101007156
UA,2023-05-17,2985.3610778722123,74.98947706810814
UA,2023-05-18,2919.0274280613994,73.72268076438006
UA,2023-05-19,2905.170759213514,73.46103150960535
UA,2023-05-20,2779.0674679231856,70.27234532805656
UA,2023-05-21,2748.400630642519,69.49689435236765
UA,2023-05-22,2990.1700981762788,75.66621956572286
UA,2023-05-23,2984.4183226833693,75.42295181551688
UA,2023-05-24,2967.9986761949503,75.33526941495717
UA,2023-05-25,2980.8441450452538,75.63674562408663
UA,2023-05-26,3081.639194562248,78.52590472235596
UA,2023-05-27,3026.574597183401,77.12275625027777
UA,2023-05-28,2908.4387436969623,74.11243473322942
UA,2023-05-29,3007.506275668871,76.4943720014363
UA,2023-05-30,3058.8638694190254,78.08024498273238
UA,2023-05-31,3053.131925823563,77.72699542832171
UA,2023-06-01,3013.2717913734523,77.15397888054763
UA,2023-06-02,2964.517635454968,75.71777921687588
UA,2023-06-03,3066.330719086465,78.31822270744594
UA,2023-06-04,2953.443407177376,75.43492848875353
UA,2023-06-05,3154.8247793580995,80.18158845519494
UA,2023-06-06,3115.904302515184,79.70348937335643
UA,2023-06-07,3130.6376723344083,80.16669412608978
UA,2023-06-08,3203.4260070233577,81.75112496901521
UA,2023-06-09,3173.1090534935247,80.81903966678956
UA,2023-06-10,3044.2737231934743,77.5376057499376
UA,2023-06-11,3186.0676391170377,81.14909464689784
UA,2023-06-12,3351.423880293091,85.04382032909625
UA,2023-06-13,3389.850176967263,86.1308071491034
UA,2023-06-14,2805.2960832257477,71.07035306522197
UA,2023-06-15,2767.3474480104715,70.04719297161942
UA,2023-06-16,2685.104486309122,67.85861913233109
UA,2023-06-17,2837.2775798186203,71.70437487379344
UA,2023-06-18,2816.8896056251015,71.18912498957775
UA,2023-06-19,2850.689705190322,71.12321811307906
UA,2023-06-20,2892.299304711463,72.41900788993708
UA,2023-06-21,2955.6430509431916,73.95763814791292
UA,2023-06-22,2971.823237313482,74.38968388294899
UA,2023-06-23,2979.05620204951,74.13316848116993
UA,2023-06-24,2759.9151696046583,68.67989134319744
UA,2023-06-25,2954.57517688046,73.5239634711401
UA,2023-06-26,2902.2895797126566,72.96988418789898
UA,2023-06-27,2999.8323016637883,75.13894723607943
UA,2023-06-28,3057.2720386877577,76.38883224905385
UA,2023-06-29,2827.991758788421,70.69237127072711
UA,2023-06-30,2791.426049352427,69.78460446474371
UA,2023-07-01,2932.2257642593054,73.30454453831456
UA,2023-07-02,2973.1439809401368,74.32748461123425
UA,2023-07-03,3762.7551790314496,94.79118833086743
UA,2023-07-04,3966.1005562177193,99.51499728304648
UA,2023-07-05,3939.907982629482,98.85778906239683
UA,2023-07-06,3479.025101116257,87.44608747854097
UA,2023-07-07,2764.1519720937436,69.37557812966655
UA,2023-07-08,2342.9655411441845,58.804505177638
UA,2023-07-09,3301.8614472631643,82.8711840450757
UA,2023-07-10,3954.911099817659,99.31622443755516
UA,2023-07-11,3600.514275693408,89.8719825596729
UA,2023-07-12,3669.5888664249064,91.35830075497064
UA,2023-07-13,3941.156440825735,97.84327427615322
UA,2023-07-14,3994.409181170591,97.76296942761878
UA,2023-07-15,3202.073836679806,78.37060060746353
UA,2023-07-16,2351.4090926984813,57.55062258642673
UA,2023-07-17,3900.182828656618,95.01447876420261
UA,2023-07-18,3585.0721324885753,87.26795060729907
UA,2023-07-19,3795.610058510716,92.23705264347825
UA,2023-07-20,4289.708554304025,104.59718944359841
UA,2023-07-21,3575.999758281876,87.24142304729911
UA,2023-07-22,3156.624685731861,77.010192456443
UA,2023-07-23,3286.110681788631,80.16918108179935
UA,2023-07-24,4159.281370472938,102.28336330572365
UA,2023-07-25,4060.0369519800997,100.0408279160675
UA,2023-07-26,4293.449299683547,106.26139844679928
UA,2023-07-27,4602.552449154975,113.76743134865642
UA,2023-07-28,4197.313935474848,103.07036685775164
UA,2023-07-29,4162.915229277346,102.2256630014966
UA,2023-07-30,3111.203137918406,76.39953878216639
UA,2023-07-31,3948.8341024961237,98.08720919102903
UA,2023-08-01,4136.269847296143,102.57537278597327
UA,2023-08-02,4444.5631167420015,110.74308857183438
UA,2023-08-03,4139.724898452089,103.11931494462796
UA,2023-08-04,4188.1276541900725,104.72570738183893
UA,2023-08-05,3680.562246068791,92.03384342805681
UA,2023-08-06,3863.9458187431737,96.61941864358771
UA,2023-08-07,4318.392258194381,107.95332925510421
UA,2023-08-08,4217.00406146674,104.9964535151927
UA,2023-08-09,3803.172969329005,95.0474833263108
UA,2023-08-10,4452.534807049078,110.9820886416317
UA,2023-08-11,4590.402726745234,113.95101595534787
UA,2023-08-12,3359.9504331969647,83.40657415343473
UA,2023-08-13,3809.504547859391,94.56619372106522
UA,2023-08-14,3797.8213522684246,94.43910411091582
UA,2023-08-15,3999.5109951148734,99.97277896102769
UA,2023-08-16,4067.6453484856893,101.77815403384118
UA,2023-08-17,4189.423130832756,104.96913459529344
UA,2023-08-18,4260.203867281024,106.92880206018907
UA,2023-08-19,3791.463001871486,95.16366105371247
UA,2023-08-20,3853.2744806509572,96.71509558251967
UA,2023-08-21,4504.118623615419,113.3838971822281
UA,2023-08-22,4478.846180288804,112.2827391082455
UA,2023-08-23,4616.369826386094,115.96413404103872
UA,2023-08-24,4371.065750324425,110.5638837749606
UA,2023-08-25,4340.168062592291,109.4481922227283
UA,2023-08-26,4208.3032747176185,106.1228918098
UA,2023-08-27,4160.639877313506,104.92094004068859
UA,2023-08-28,4712.744184543522,119.29457676460817
UA,2023-08-29,4707.492937651726,119.12878169986148
UA,2023-08-30,4342.476855951068,109.89160987830418
UA,2023-08-31,3662.238880537669,92.0384837645775
UA,2023-09-01,3753.442585286623,94.45212864122799
UA,2023-09-02,3652.688984693698,91.91675162984814
UA,2023-09-03,3594.2702625818647,90.44669513355524
UA,2023-09-04,3872.8145592361316,97.74379851739637
UA,2023-09-05,4051.9644138226954,102.587351005823
UA,2023-09-06,4273.569985467409,108.87327458919793
UA,2023-09-07,4314.097330514451,109.81370605296726
UA,2023-09-08,4208.520098616781,107.5063823672693
UA,2023-09-09,3559.220002838228,90.92005208199485
UA,2023-09-10,3017.684251143882,77.08655521778036
UA,2023-09-11,4077.8046001339803,104.22583687885097
UA,2023-09-12,4330.589185724529,110.48013250007091
UA,2023-09-13,3949.589477589268,100.77900000482943
UA,2023-09-14,3869.8565289966073,98.55138178225722
UA,2023-09-15,3732.824896859457,95.13266179706605
UA,2023-09-16,2636.3893126204516,67.1895252986371
UA,2023-09-17,2250.7495348695134,57.36132827199873
UA,2023-09-18,3849.538084605495,98.80693848094965
UA,2023-09-19,4331.028633911506,111.07166739529575
UA,2023-09-20,4449.3188030643105,113.63637950309827
UA,2023-09-21,4291.057786291714,109.63524699642083
UA,2023-09-22,4334.932214981289,111.45389091954854
UA,2023-09-23,4122.519021853524,105.99261132331449
UA,2023-09-24,4004.8706119158774,102.96779515600905
UA,2023-09-25,3935.5541299885244,101.17625919040886
UA,2023-09-26,3816.076086898778,98.16929458687342
UA,2023-09-27,3423.8466505986057,88.33248584523595
UA,2023-09-28,4045.7529437850103,104.94656227879749
UA,2023-09-29,4385.966348297561,113.760756862336
UA,2023-09-30,4284.421832753032,111.12695166954222
UA,2023-10-01,3885.6718240773243,100.78439562065256
UA,2023-10-02,4170.602244396265,107.65400416089147
UA,2023-10-03,4238.429002753394,110.038475889095
UA,2023-10-04,3804.3511394241764,99.26215521519627
UA,2023-10-05,4439.935706569092,115.53667318701318
UA,2023-10-06,4207.417563582941,109.16844998736244
UA,2023-10-07,3224.560896955007,83.66659826144397
UA,2023-10-08,4378.900065841123,113.617848861749
UA,2023-10-09,4614.471943356045,119.38106043613469
UA,2023-10-10,4619.68225764973,120.0456895604968
UA,2023-10-11,4403.5240699095675,114.0664545150892
UA,2023-10-12,3989.4372414643503,103.2479086493152
UA,2023-10-13,5148.458210863763,133.2340863321385
UA,2023-10-14,3232.9191072435765,83.66291534238671
UA,2023-10-15,3218.861249328477,83.29911985674927
UA,2023-10-16,3800.331429157459,99.28187399505356
UA,2023-10-17,4106.225683872798,107.2664922669132
UA,2023-10-18,4453.277614727547,115.51862410221314
UA,2023-10-19,4190.789034433251,108.54435583499317
UA,2023-10-20,4388.299017020988,113.5361999275826
UA,2023-10-21,3731.077339345289,96.53224201498247
UA,2023-10-22,3364.289656012947,87.04253322707366
UA,2023-10-23,3931.6812463909155,101.58516835491845
UA,2023-10-24,4878.552519122301,125.86142670968985
UA,2023-10-25,4913.553474175158,126.2828868870048
UA,2023-10-26,4729.053249624543,122.46008244079806
UA,2023-10-27,4232.677644874833,110.02913134248969
UA,2023-10-28,2971.75314511666,77.25119760004004
UA,2023-10-29,2858.536561496128,74.30811442799283
UA,2023-10-30,3200.5581827647907,83.3969519239133
UA,2023-10-31,3344.4081980818273,86.72717979383616
UA,2023-11-01,4922.666153581066,127.71185322080022
UA,2023-11-02,4193.390129463252,109.68531194402601
UA,2023-11-03,4424.42415834512,114.41401174402891
UA,2023-11-04,3298.2384016407395,85.29125457109824
UA,2023-11-05,3055.3821817722583,79.0110803839706
UA,2023-11-06,3901.975870383456,100.7538737130293
UA,2023-11-07,4443.078095834517,114.74713965781825
UA,2023-11-08,5132.462358509089,133.36613549810542
UA,2023-11-09,4372.025670268195,113.70145663579326
UA,2023-11-10,4461.593872589049,115.81786936437274
UA,2023-11-11,4440.923390199997,115.28128730482176
UA,2023-11-12,4008.7593394787345,104.06280328324316
UA,2023-11-13,4576.814975732184,118.74876694858035
UA,2023-11-14,4490.1252132666505,116.34106448500822
UA,2023-11-15,4835.251558550107,124.17439388970773
UA,2023-11-16,5009.5760998206415,127.16628970019829
UA,2023-11-17,4747.722412462501,120.79058888759562
UA,2023-11-18,4252.520847886972,108.19177130590126
UA,2023-11-19,3627.5924697704445,92.29247049439631
UA,2023-11-20,4153.990336887752,105.81204275508688
UA,2023-11-21,4368.218997330886,110.87244210024939
UA,2023-11-22,4731.021154170241,119.87587174201188
UA,2023-11-23,4561.237215979008,115.95815493448637
UA,2023-11-24,4197.748872968283,106.89454731266318
UA,2023-11-25,4137.683213877631,105.36499144073417
UA,2023-11-26,3654.5999482258285,93.06340586263886
UA,2023-11-27,4305.64787325766,109.39701898616953
UA,2023-11-28,4595.158243795226,115.86993370287448
UA,2023-11-29,4777.111444228223,119.97607677657453
UA,2023-11-30,3961.561698406694,99.14264652578679
UA,2023-12-01,4144.271587262451,104.32795668212647
UA,2023-12-02,3766.682805874478,94.82253089165049
UA,2023-12-03,3237.758409899287,81.50738001181384
UA,2023-12-04,3987.6677444394268,100.55090106054804
UA,2023-12-05,4544.131272139679,114.42283536177065
UA,2023-12-06,5004.0991689432285,126.21920362767659
UA,2023-12-07,5250.857954898186,132.7875507329481
UA,2023-12-08,4703.955864020709,119.09955094239186
UA,2023-12-09,4918.685586255041,124.53629699855786
UA,2023-12-10,4171.290067516731,105.61297517512486
UA,2023-12-11,5201.215930065784,131.34051993802643
UA,2023-12-12,4784.719827280023,120.60150092201965
UA,2023-12-13,4719.827569206019,118.18005010831943
UA,2023-12-14,5113.652573908143,128.0920545444744
UA,2023-12-15,4504.331734810857,111.45749473711076
UA,2023-12-16,3989.3539871715902,98.71462121524237
UA,2023-12-17,3864.8233252034734,95.63317064319584
UA,2023-12-18,4591.199902194461,113.32882198928866
UA,2023-12-19,3858.5712270822096,95.0578990604558
UA,2023-12-20,3733.1030101012107,91.22506555417053
UA,2023-12-21,4438.80866483264,108.08857520582862
UA,2023-12-22,4796.146850042687,116.1727823460246
UA,2023-12-23,3665.513309869073,88.78645572123925
UA,2023-12-24,3419.24867747715,82.82140743708672
UA,2023-12-25,3610.5302975077884,87.26293942298396
UA,2023-12-26,2676.1779909193615,64.70277606058255
UA,2023-12-27,3393.0741310592293,82.44862275316568
UA,2023-12-28,3502.162478177368,84.1190601338677
UA,2023-12-29,3063.1253336942314,72.57232256743954
UA,2023-12-30,2412.8041208960335,57.164751643555675
UA,2023-12-31,1790.557492651959,42.42233071657104
UA,2024-01-01,307.2777062733241,7.31683270486056
UA,2024-01-02,2203.8059238367614,52.46419964425858
UA,2024-01-03,2604.8576809260057,62.43531853162337
UA,2024-01-04,1933.9914295568626,46.4820218941595
UA,2024-01-05,2038.4242877530405,48.92237859558735
UA,2024-01-06,1546.5498614819926,37.1173451449484
UA,2024-01-07,2325.6202821689476,55.81511003249487
UA,2024-01-08,4499.741696875021,108.23711776573789
UA,2024-01-09,4197.639584563588,100.42848663821796
UA,2024-01-10,4776.641325718941,114.22316261269391
UA,2024-01-11,5190.07838674361,124.16009920083275
UA,2024-01-12,4898.04504837401,117.34373992894298
UA,2024-01-13,4102.367845101928,98.28149409697724
UA,2024-01-14,3607.5921194522048,86.42802327333331
UA,2024-01-15,4087.3347230975864,98.75675555168506
UA,2024-01-16,4805.322844158812,115.85707606895532
UA,2024-01-17,4854.087797138885,117.57566458209523
UA,2024-01-18,3915.739959434529,95.0191691199837
UA,2024-01-19,4413.562074971372,107.6095359938015
UA,2024-01-20,3475.3437966825945,84.7343091650923
UA,2024-01-21,3065.446832788553,74.74038105427219
UA,2024-01-22,3511.6090662659158,85.98370893198684
UA,2024-01-23,4173.170004991407,102.3016317828491
UA,2024-01-24,3843.812385689959,94.46461423894911
UA,2024-01-25,4028.325143275093,98.53132527816938
UA,2024-01-26,4036.355903453232,98.64957567933482
UA,2024-01-27,4188.659990949756,102.37192672199347
UA,2024-01-28,3184.174846153583,77.82205161668837
UA,2024-01-29,3990.858123778764,97.20357758365296
UA,2024-01-30,4147.509844890484,101.1484151596784
UA,2024-01-31,3540.5317356374576,86.176824243631
UA,2024-02-01,3001.8467942050324,73.7433099269907
UA,2024-02-02,3439.4084354771144,84.5697251128515
UA,2024-02-03,3521.2298121079125,86.5815860069072
UA,2024-02-04,2583.003326277593,63.51205021644213
UA,2024-02-05,3068.7328649037295,75.06740178875407
UA,2024-02-06,3427.428500564082,84.89050074834195
UA,2024-02-07,3537.830050468147,87.58175722666266
UA,2024-02-08,4545.735414313706,112.23068165254129
UA,2024-02-09,3933.260468908821,97.32685525930634
UA,2024-02-10,3621.444242440808,89.61109552743821
UA,2024-02-11,2929.574316410909,72.49106885204746
UA,2024-02-12,3275.456435236562,80.84971540513173
UA,2024-02-13,3890.9401803564087,95.34468160013941
UA,2024-02-14,3306.8814162411477,80.41792107820656
UA,2024-02-15,3151.290883451521,77.10825193674138
UA,2024-02-16,3326.7980849581827,81.59556568408026
UA,2024-02-17,2985.5608437297587,73.22612304901325
UA,2024-02-18,3016.316472647825,73.98045886244476
UA,2024-02-19,3377.4101592274415,82.593622679001
UA,2024-02-20,3445.3447154969895,83.54315355361115
UA,2024-02-21,3122.79206440693,75.17174298860505
UA,2024-02-22,2885.257859264509,69.1555119151251
UA,2024-02-23,2758.5133728669975,66.10701142798595
UA,2024-02-24,2994.506063570013,71.76251110932738
UA,2024-02-25,2734.29840911758,65.52670650684384
UA,2024-02-26,3171.839693346485,76.31438914958773
UA,2024-02-27,3301.2493270972354,79.35981651014424
UA,2024-02-28,2975.792870015842,71.33131988944415
UA,2024-02-29,2822.6315634880866,68.34988578989382
UA,2024-03-01,1363.4202372316338,33.08991316833846
UA,2024-03-02,2114.7883016421924,51.325452974679145
UA,2024-03-03,2341.2471879718337,56.82156098321341
UA,2024-03-04,2193.010685369684,53.146502002246145
UA,2024-03-05,2334.3264626688883,56.190203057265265
UA,2024-03-06,2615.991574441714,62.81450151494165
UA,2024-03-07,2760.694942105631,66.3759429047464
UA,2024-03-08,2775.406784510443,66.8961317892139
UA,2024-03-09,2461.45424253479,59.3288768769699
UA,2024-03-10,2135.649052216037,51.475935437606196
UA,2024-03-11,2725.870389773801,65.37533582057145
UA,2024-03-12,3196.3653108469775,76.18392909810008
UA,2024-03-13,3639.3511330355263,86.56588822055227
UA,2024-03-14,3245.546573249421,76.51288649590909
UA,2024-03-15,2864.306120014005,67.73490954700038
UA,2024-03-16,3084.0236470624845,72.93077416374972
UA,2024-03-17,2338.5834852544986,55.302657678589135
UA,2024-03-18,4361.68625624881,103.24690748887
UA,2024-03-19,3677.5362092134474,86.63830681116328
UA,2024-03-20,3822.160075361817,90.00920955258245
UA,2024-03-21,3046.0253293073206,71.77352482144707
UA,2024-03-22,2485.178590880228,58.517060344301136
UA,2024-03-23,4191.101096102673,98.68542914770607
UA,2024-03-24,3655.2932116467405,86.06907134440031
UA,2024-03-25,4500.868229490753,106.8450293290181
UA,2024-03-26,3786.200195015084,89.10844943998521
UA,2024-03-27,3673.24692690167,86.04245210129676
UA,2024-03-28,2516.7241785585616,59.2979637754715
UA,2024-03-29,2463.88782763215,58.155824760595515
UA,2024-03-30,4345.724412123301,102.57333330477262
UA,2024-03-31,3818.393818662667,90.12660369303153
UA,2024-04-01,3185.1079835091336,75.54792288227812
UA,2024-04-02,2661.3839657176227,63.15816371095302
UA,2024-04-03,2883.3736622482825,68.20226843678525
UA,2024-04-04,3067.8828994493074,72.58804474341956
UA,2024-04-05,2364.164899754391,55.82641415290722
UA,2024-04-06,1482.2947885521564,35.00229733171556
UA,2024-04-07,1251.2191571850462,29.545772747205834
UA,2024-04-08,2242.341901473401,53.273666614558955
UA,2024-04-09,2536.2804519574015,60.1002931687883
UA,2024-04-10,2552.716246223957,60.273948659303535
UA,2024-04-11,2935.5222287512793,69.29677417168566
UA,2024-04-12,2741.272237861702,65.23887379189657
UA,2024-04-13,2510.4365674658425,59.74527160250941
UA,2024-04-14,2598.4831998101636,61.84067207239971
UA,2024-04-15,3880.6525623817593,92.46738123946834
UA,2024-04-16,3678.701220417119,87.2519963667851
UA,2024-04-17,4445.641800240373,105.54153867177814
UA,2024-04-18,4372.080128610477,103.9580401607962
UA,2024-04-19,3911.5244608157045,92.51717667242299
UA,2024-04-20,2815.752168096836,66.59946611895853
UA,2024-04-21,3250.1662027976213,76.87442678966627
UA,2024-04-22,5205.449330499764,122.82188307091351
UA,2024-04-23,4342.504129398546,102.63104215369108
UA,2024-04-24,5094.378351177601,120.54276539628037
UA,2024-04-25,4792.940524275532,113.62175373371767
UA,2024-04-26,4385.016837553804,103.12712309483203
UA,2024-04-27,3989.9108266386247,93.83499315950247
UA,2024-04-28,3534.59071909173,83.12674401974884
UA,2024-04-29,3508.040144919754,82.657062996302
UA,2024-04-30,3187.0643041249023,74.99468915893054
UA,2024-05-01,3841.808994996754,90.68548594203001
UA,2024-05-02,3929.8862266834526,92.90818671737252
UA,2024-05-03,4067.724730158387,96.14143130334786
UA,2024-05-04,3955.2284687933566,93.48256122206573
UA,2024-05-05,3801.2093096508015,89.84228972131284
UA,2024-05-06,3396.313384337172,80.22301130570442
UA,2024-05-07,3850.483405288014,90.8169291053654
UA,2024-05-08,4166.774432671199,98.48504994649325
UA,2024-05-09,4880.57122037197,115.3341278256383
UA,2024-05-10,4334.747772631578,102.15944334903513
UA,2024-05-11,4002.312670147007,94.32475796458755
UA,2024-05-12,3875.117131418065,91.32706902981923
UA,2024-05-13,4583.253481930291,107.0483450099099
UA,2024-05-14,4793.978659181024,112.14116326930197
UA,2024-05-15,5039.301718891155,117.65685011594906
UA,2024-05-16,4964.582466639101,115.85929709940237
UA,2024-05-17,3973.589457583415,92.74293170724877
UA,2024-05-18,4002.9091843236506,93.42724936104045
UA,2024-05-19,4098.680227955553,95.66252994397398
UA,2024-05-20,4309.148242268917,100.78723707151501
UA,2024-05-21,4201.4044150655245,97.52518361255343
UA,2024-05-22,4079.389096770663,94.28995954564533
UA,2024-05-23,4311.239231969669,100.0041574918853
UA,2024-05-24,4450.7543290785525,102.75627178187393
UA,2024-05-25,4052.8905852780854,93.57063897284429
UA,2024-05-26,3794.0558938104173,87.59482320398436
UA,2024-05-27,4689.292539824018,107.82213652994913
UA,2024-05-28,5164.695583649531,118.02590515435753
UA,2024-05-29,5457.818304154562,124.12369809406611
UA,2024-05-30,3454.737167517771,78.65941337966973
UA,2024-05-31,3355.315543579956,76.57548180002684
UA,2024-06-01,4544.9526248857,103.7255460741514
UA,2024-06-02,4364.771366341189,99.61342412759377
UA,2024-06-03,5214.400049852143,118.54950664663279
UA,2024-06-04,5190.781654452764,118.25747209641348
UA,2024-06-05,5472.640771493549,125.04005911960239
UA,2024-06-06,5282.488486888091,121.13493272812953
UA,2024-06-07,5309.5468236498355,121.7032301934544
UA,2024-06-08,4059.3749662303753,93.04730937791678
UA,2024-06-09,3639.8371924860735,83.43083852857343
UA,2024-06-10,4960.03018386418,113.05968612141943
UA,2024-06-11,5340.163007109742,122.8397428980494
UA,2024-06-12,6168.103924488796,141.92795861168804
UA,2024-06-13,6077.021097312027,139.59894094716597
UA,2024-06-14,6369.320486668039,145.1366181307517
UA,2024-06-15,5243.527859223163,119.48337380023159
UA,2024-06-16,4485.779984516393,102.2167023929906
UA,2024-06-17,6031.320191200798,138.7205586064004
UA,2024-06-18,5486.169892996164,126.01282353229614
UA,2024-06-19,5317.638998648103,122.38919087492125
UA,2024-06-20,5343.409855116424,122.62727324108708
UA,2024-06-21,5427.106645209622,124.96906679645254
UA,2024-06-22,5543.7657058877485,127.65535525536178
UA,2024-06-23,5789.724294037332,133.31900206406368
UA,2024-06-24,6015.42083323907,139.13409444818794
UA,2024-06-25,5945.699314591197,136.62369630116632
UA,2024-06-26,6523.237373846187,149.8045096761095
UA,2024-06-27,6378.054841055247,147.25395758474295
UA,2024-06-28,5691.165845907099,131.26987030026962
UA,2024-06-29,5384.104308236289,124.18732705418994
UA,2024-06-30,4884.585548994747,112.66565214370638
UA,2024-07-01,6676.79052514155,154.320283575978
UA,2024-07-02,6684.535575195523,153.0156728967301
UA,2024-07-03,6696.954651634656,153.25645632686977
UA,2024-07-04,6794.724775997717,154.9555816143335
UA,2024-07-05,5406.852346525123,123.49656124576015
UA,2024-07-06,4726.832320606334,107.96439402591818
UA,2024-07-07,4662.787021550086,106.50155137912645
UA,2024-07-08,5716.609533229191,130.33052302722126
UA,2024-07-09,6270.660332027988,142.26249162345903
UA,2024-07-10,5655.112136876742,128.27863101574567
UA,2024-07-11,6324.633278785161,143.48860370766923
UA,2024-07-12,6626.979535100061,149.31750255960918
UA,2024-07-13,5606.563327628738,126.32573098947627
UA,2024-07-14,5191.494241558944,116.97349457568066
UA,2024-07-15,6208.713608619033,138.94091233538543
UA,2024-07-16,5912.759055199188,132.19870758813468
UA,2024-07-17,5044.052079560893,112.14262864500668
UA,2024-07-18,6172.409563635477,136.11896086366463
UA,2024-07-19,5528.836386084186,122.15237542661109
UA,2024-07-20,5668.0449718485625,125.22800621823616
UA,2024-07-21,6250.654001480568,138.0999872183733
UA,2024-07-22,7037.109478996584,155.73649977861692
UA,2024-07-23,5832.6520022666155,129.62831595962714
UA,2024-07-24,6075.54125927949,135.70775641521067
UA,2024-07-25,6348.876819156993,142.01905895520338
UA,2024-07-26,6992.531970461585,156.4919985332584
UA,2024-07-27,6354.351773265085,142.20960484446178
UA,2024-07-28,6060.959662211651,135.64352577516397
UA,2024-07-29,5326.387837511011,119.33904153733636
UA,2024-07-30,4746.2540999703815,106.88437468264925
UA,2024-07-31,5932.721440189935,133.56540329707786
UA,2024-08-01,5447.689826004837,122.691295493965
UA,2024-08-02,5969.672826433909,134.44815414039473
UA,2024-08-03,6356.868302112963,143.16851763603685
UA,2024-08-04,6449.808528706967,145.26170469574012
UA,2024-08-05,4901.34223033629,109.78061604410382
UA,2024-08-06,6782.975892048083,150.24067592038708
UA,2024-08-07,5437.317065833511,121.38738032941484
UA,2024-08-08,5908.975439662337,131.9922318744435
UA,2024-08-09,6462.429426655141,144.22168373887257
UA,2024-08-10,5641.089068926986,125.89187593847188
UA,2024-08-11,5295.5271244050855,118.17998893983544
UA,2024-08-12,5570.837645253331,124.11218868572996
UA,2024-08-13,5744.869168024768,127.36431164118069
UA,2024-08-14,5903.7393268491205,130.62612874342292
UA,2024-08-15,5984.631900862633,131.38685657342714
UA,2024-08-16,5642.006005221458,124.53247409743757
UA,2024-08-17,5263.817064209877,116.18494585005963
UA,2024-08-18,4966.695943687349,109.62677696278264
UA,2024-08-19,5021.969623727975,110.86245915985029
UA,2024-08-20,5861.091027989051,128.5087435015195
UA,2024-08-21,6302.352144844496,137.54737927835305
UA,2024-08-22,6507.051053001958,141.77199557719197
UA,2024-08-23,5545.263166646196,120.59481557472165
UA,2024-08-24,5649.424852955558,122.86005691186577
UA,2024-08-25,5219.292307019212,113.50581104633518
UA,2024-08-26,5421.542011841967,118.26943826743032
UA,2024-08-27,5688.2254665185765,123.17081838911116
UA,2024-08-28,6415.099896126878,139.14380491381192
UA,2024-08-29,5262.933026151287,114.71308343344326
UA,2024-08-30,5455.348424068102,119.36129755424743
UA,2024-08-31,5695.056810152325,124.60604120277705
UA,2024-09-01,4335.955623036418,94.8693372214206
UA,2024-09-02,5665.219086945108,124.50538411546592
UA,2024-09-03,6077.819191875503,133.68950890796094
UA,2024-09-04,6628.380004754464,145.5408174839759
UA,2024-09-05,6661.0325859336945,146.05445684132076
UA,2024-09-06,5069.251079732934,111.196561385028
UA,2024-09-07,4707.993520013178,103.27219587553746
UA,2024-09-08,4053.9701924150077,88.92586661493561
UA,2024-09-09,5781.290469891228,126.90123821577237
UA,2024-09-10,6565.610763221106,144.67114917967314
UA,2024-09-11,6219.133255625335,137.0535388899614
UA,2024-09-12,6589.104611679042,144.84923106655708
UA,2024-09-13,6790.21642569492,149.36848020094632
UA,2024-09-14,6364.581062294276,140.0055227684923
UA,2024-09-15,4809.224400452751,105.79140554675594
UA,2024-09-16,6602.925086395313,144.1815770930435
UA,2024-09-17,5974.9760943072815,129.86848115882884
UA,2024-09-18,6380.573748062454,138.3337217327549
UA,2024-09-19,4913.391268197671,106.55827204564898
UA,2024-09-20,4605.839096051997,99.60810854877631
UA,2024-09-21,5222.688357898744,112.94838964650955
UA,2024-09-22,5306.526530936133,114.76151460947179
UA,2024-09-23,5475.702820692892,118.65371475392301
UA,2024-09-24,5447.461392423471,118.44161243550012
UA,2024-09-25,5689.941940584191,123.58316516405215
UA,2024-09-26,5323.411896539638,115.23584171157633
UA,2024-09-27,5474.859406193023,119.12278569952487
UA,2024-09-28,5592.585386802358,121.68428467491935
UA,2024-09-29,5977.115718989477,130.0509514617008
UA,2024-09-30,5418.9946327903335,117.921896692359
UA,2024-10-01,5174.213998884881,112.10783918336004
UA,2024-10-02,3898.257024886285,85.28124822002523
UA,2024-10-03,3746.3033613955668,81.94964336188507
UA,2024-10-04,3778.8943344861873,83.00956722416916
UA,2024-10-05,3298.140009780187,72.44901567055739
UA,2024-10-06,4553.104626468151,100.01635693284693
UA,2024-10-07,6028.547679657972,132.69328096939995
UA,2024-10-08,5102.190324211379,112.82789686675171
UA,2024-10-09,4194.373626034645,92.70624696995705
UA,2024-10-10,5522.747260949554,122.38124201592723
UA,2024-10-11,6604.130084467686,146.60304709158706
UA,2024-10-12,6847.688420101961,152.00972347316204
UA,2024-10-13,3908.6137096433467,86.7661103595377
UA,2024-10-14,5673.626942695693,126.01395134785808
UA,2024-10-15,6481.739158049067,144.17481305786725
UA,2024-10-16,5484.064094797736,122.07643477752556
UA,2024-10-17,5057.962141989509,112.6163832011415
UA,2024-10-18,5981.437185142469,133.5330009609045
UA,2024-10-19,6438.54382224511,143.7377091476058
UA,2024-10-20,5415.172003402546,120.8913754256189
UA,2024-10-21,5782.796525862919,129.2903764568969
UA,2024-10-22,6276.226290450812,140.0536962589162
UA,2024-10-23,5982.643198303653,133.81564410707796
UA,2024-10-24,5994.447259189588,134.90221240201166
UA,2024-10-25,6277.799015670771,140.94332710699442
UA,2024-10-26,6124.780956698826,137.50790741848186
UA,2024-10-27,5590.685160979908,125.51688345378128
UA,2024-10-28,6477.133626918668,144.8582450735049
UA,2024-10-29,6585.784367945955,147.34122418358868
UA,2024-10-30,6729.028842697198,150.8500572258683
UA,2024-10-31,6587.658868154487,147.58953440471575
UA,2024-11-01,5547.394308418312,123.6968229193745
UA,2024-11-02,5760.088639191006,128.43952039260427
UA,2024-11-03,5263.550309213915,117.36761699777051
UA,2024-11-04,6259.9533919980995,139.20906849310842
UA,2024-11-05,5322.036639198727,117.89623871495152
UA,2024-11-06,5306.7094482402035,117.53431202539525
UA,2024-11-07,5454.258385355731,123.01710035671309
UA,2024-11-08,5658.974317494174,126.98476170320963
UA,2024-11-09,5702.100322989565,127.9524892848871
UA,2024-11-10,4549.911108048645,102.09789714723128
UA,2024-11-11,6231.5883560218645,140.07850390280768
UA,2024-11-12,6499.101282587047,147.72396988257836
UA,2024-11-13,6148.451134600167,139.9232420895044
UA,2024-11-14,6177.733208808802,140.56307770458642
UA,2024-11-15,5716.399913372464,131.509141578056
UA,2024-11-16,4342.108517458263,99.89275985290833
UA,2024-11-17,4597.620281755577,105.77095824613625
UA,2024-11-18,6314.243231491858,144.64559829501292
UA,2024-11-19,6466.730479301591,148.20223628783623
UA,2024-11-20,6126.316832999639,140.21919463962
UA,2024-11-21,6052.843188243782,138.94299558675914
UA,2024-11-22,6060.406158327954,139.4289813009268
UA,2024-11-23,5044.089166557652,116.04704300515236
UA,2024-11-24,4038.0258091103233,92.9010053653628
UA,2024-11-25,4145.955705134322,96.43394588230842
UA,2024-11-26,5271.240431375014,121.25236481645086
UA,2024-11-27,6224.583255342685,142.4963659355412
UA,2024-11-28,5780.943897982787,131.9798979944337
UA,2024-11-29,5625.013771163819,128.24168588190895
UA,2024-11-30,4641.242025513034,105.81319906966375
UA,2024-12-01,6508.471155395899,148.3831591240806
UA,2024-12-02,6323.315952617223,144.03580676105835
UA,2024-12-03,6355.83394780954,145.36192652603225
UA,2024-12-04,6203.11913107701,141.5468108899048
UA,2024-12-05,6461.201198264777,147.83902724136473
UA,2024-12-06,6527.478362403009,148.97952651406172
UA,2024-12-07,5572.222112390285,127.17729050111798
UA,2024-12-08,5361.524681846403,122.36844982828562
UA,2024-12-09,5560.985061646906,126.7989853693257
UA,2024-12-10,6498.3799799337185,148.18721805903238
UA,2024-12-11,6282.8662224784375,143.37405662696253
UA,2024-12-12,6445.302491202902,147.15403281764264
UA,2024-12-13,6296.43196154928,144.06926477430724
UA,2024-12-14,5829.737630623252,133.39078694091762
UA,2024-12-15,6285.666862514298,143.8229475088046
UA,2024-12-16,6418.802808491193,146.75809454381485
UA,2024-12-17,6113.781412578601,139.5636576522746
UA,2024-12-18,5373.837058529259,122.3710057664419
UA,2024-12-19,5609.182087918614,127.60292387338428
UA,2024-12-20,5530.618814847845,126.91600649075993
UA,2024-12-21,5370.609188543735,123.24412393105848
UA,2024-12-22,5257.3140336791585,120.64423970624776
UA,2024-12-23,6281.760938896327,144.3704624281528
UA,2024-12-24,5611.097782125075,128.56103465943892
UA,2024-12-25,5069.149540184916,116.17590057581843
UA,2024-12-26,6333.790131022207,145.55116936619044
UA,2024-12-27,6084.060200842622,139.82423781933852
UA,2024-12-28,6211.172391518772,142.74553783809534
UA,2024-12-29,6418.957325785536,147.52086370685774
UA,2024-12-30,6016.976828656637,137.53750074075867
UA,2024-12-31,4494.986279714656,102.3294832678754
UA,2025-01-01,3518.410187833518,80.53954259041372
UA,2025-01-02,4879.71075075901,111.90662468602389
UA,2025-01-03,5467.939866678555,126.06114232474599
UA,2025-01-04,5601.6335633105045,129.14339643323515
UA,2025-01-05,4960.199441265511,114.35539215326489
UA,2025-01-06,5631.178641064583,129.94617802972175
UA,2025-01-07,5365.770963809086,122.20179789176018
UA,2025-01-08,5972.004666394157,136.10879273952133
UA,2025-01-09,5944.562105865342,136.88568698569887
UA,2025-01-10,5748.888522807511,131.97813842264844
UA,2025-01-11,6321.730518578103,145.1289622579306
UA,2025-01-12,5422.540736787843,124.48612094720873
UA,2025-01-13,5866.620072301909,134.63641161206758
UA,2025-01-14,6070.950603425121,140.76815853125797
UA,2025-01-15,6396.856058498765,147.659055221592
UA,2025-01-16,6150.4670630716955,141.29357801849534
UA,2025-01-17,6065.570453696991,140.01778517306073
UA,2025-01-18,5745.176996300406,132.62181431903062
UA,2025-01-19,5663.205830763085,130.72958981447567
UA,2025-01-20,5702.198145938118,131.4827880654605
UA,2025-01-21,6252.8250608212065,143.74376573734145
UA,2025-01-22,6076.692621322825,139.23987317973842
UA,2025-01-23,6339.15170272958,144.48702981821785
UA,2025-01-24,6218.473308815764,142.39398109074378
UA,2025-01-25,5935.015284962358,135.90320522275377
UA,2025-01-26,5712.515276568685,130.80827911878814
UA,2025-01-27,5664.2741963990875,128.97738898096142
UA,2025-01-28,6100.6192964316515,138.19189272939002
UA,2025-01-29,6086.89267687659,139.01998380416242
UA,2025-01-30,6209.54920191668,142.3581634215364
UA,2025-01-31,6073.038185768103,139.57894873483622
UA,2025-02-01,5258.7775659201625,120.86448690568221
UA,2025-02-02,5338.442811917228,122.69546358437839
UA,2025-02-03,6427.35331116837,148.35412172282525
UA,2025-02-04,5917.100893728703,138.04778732391344
UA,2025-02-05,5964.572923527808,138.33459942778507
UA,2025-02-06,5680.086609165796,130.85314973854642
UA,2025-02-07,5835.343174211083,135.77133064857148
UA,2025-02-08,5334.234364258655,124.11199753040202
UA,2025-02-09,5284.112996354964,122.94582021896554
UA,2025-02-10,5963.093134501142,138.57120595503284
UA,2025-02-11,6182.307728346615,144.12485524930622
UA,2025-02-12,6014.096496536009,139.82563916859272
UA,2025-02-13,5869.602054939136,135.38247692781195
UA,2025-02-14,6281.157755410713,144.60685364042152
UA,2025-02-15,6189.275197589649,142.49150355555975
UA,2025-02-16,5653.800251876586,130.16362546077076
UA,2025-02-17,6239.197980185658,143.13140142703963
UA,2025-02-18,6398.082576933607,147.02557579908463
UA,2025-02-19,6700.49242003733,154.15444265847017
UA,2025-02-20,6751.411953177463,155.29876576361025
UA,2025-02-21,6389.13927470769,146.7044293877236
UA,2025-02-22,5773.536374163754,132.5692433523781
UA,2025-02-23,5534.711951798171,127.08546860580263
UA,2025-02-24,6009.66549509402,138.1236998778197
UA,2025-02-25,6479.112055754972,148.4509507605711
UA,2025-02-26,6472.761128560156,147.8163823171046
UA,2025-02-27,6280.749856296565,143.97068337329262
UA,2025-02-28,6489.385981348769,149.20118041828033
UA,2025-03-01,5952.119960789234,136.84859040490994
UA,2025-03-02,5667.052109533741,130.29443258029212
UA,2025-03-03,6355.417482313397,147.41165118764462
UA,2025-03-04,5480.662141406081,125.87157004448795
UA,2025-03-05,5153.930253929411,117.4618028358364
UA,2025-03-06,4402.849233017486,99.50099172229812
UA,2025-03-07,5875.301784644103,131.8526599126586
UA,2025-03-08,5653.532610465382,126.87574867066539
UA,2025-03-09,4623.516349128458,103.7602749829096
UA,2025-03-10,5365.274649989745,119.95310889552083
UA,2025-03-11,5058.727864881541,112.98966007204436
UA,2025-03-12,5039.098159318347,111.44970616065224
UA,2025-03-13,5349.941208887423,118.4548274501028
UA,2025-03-14,5301.179435486304,117.80215497728487
UA,2025-03-15,5008.625710593935,111.30106221889736
UA,2025-03-16,5342.541587398932,118.72129961087121
UA,2025-03-17,5934.106278069731,131.2010691804553
UA,2025-03-18,5207.036776349935,115.28945655475681
UA,2025-03-19,5543.710914594392,122.24738114977613
UA,2025-03-20,5094.68687102539,112.40866915015125
UA,2025-03-21,6159.041633782292,136.863333891441
UA,2025-03-22,4707.68410397478,104.61194771662171
UA,2025-03-23,4277.7990569556605,95.05924386698325
UA,2025-03-24,6194.552719191111,137.71579186609168
UA,2025-03-25,6580.051840953702,145.93604239106344
UA,2025-03-26,6148.752733239395,136.21848855952172
UA,2025-03-27,6468.038682490372,144.30177994534887
UA,2025-03-28,4697.287346493654,104.97411779743611
UA,2025-03-29,4553.647671897758,101.7640846423066
UA,2025-03-30,5576.470972924411,124.62195254942581
UA,2025-03-31,5819.017583854827,130.04204919759957
UA,2025-04-01,4741.124575993961,105.76304382534855
UA,2025-04-02,4341.2560879760595,97.31925126155743
UA,2025-04-03,5395.349276529487,120.8800771729445
UA,2025-04-04,5213.55781159837,113.70131597641969
UA,2025-04-05,4456.160540239885,97.1834083244074
UA,2025-04-06,3950.719000258163,86.1603468524083
UA,2025-04-07,4857.522817767365,106.6359361475436
UA,2025-04-08,5466.0599697138305,121.3245667280866
UA,2025-04-09,4794.992146418001,106.4943242855874
UA,2025-04-10,4829.845807982498,106.04068772726468
UA,2025-04-11,5044.520868547101,110.04266589328667
UA,2025-04-12,3897.49934169352,85.02120004130579
UA,2025-04-13,3958.661390687026,86.35540701519422
UA,2025-04-14,4630.318407868618,98.69527441727152
UA,2025-04-15,5101.815091668725,108.48670429749495
UA,2025-04-16,5515.117889978284,118.32376229292785
UA,2025-04-17,5294.339311110945,113.07737660022735
UA,2025-04-18,4231.568764021351,90.02514161515757
UA,2025-04-19,4441.857680646287,94.49896457656612
UA,2025-04-20,3017.9637607574523,64.20612073272981
UA,2025-04-21,3962.63176798481,84.2659540286784
UA,2025-04-22,3929.8888267304196,82.27497423297707
UA,2025-04-23,5087.473249282305,106.62634054970869
UA,2025-04-24,4761.57591136928,100.15493449740927
UA,2025-04-25,4970.541636589321,104.825930657702
UA,2025-04-26,3897.7458378716005,82.20126996108158
UA,2025-04-27,3675.412188122524,77.5123781952613
UA,2025-04-28,4770.842632154615,100.68127515858437
UA,2025-04-29,4396.540918375843,92.76948939540227
UA,2025-04-30,4152.151123558527,87.81302604598865
UA,2025-05-01,5819.226208568942,123.37050223069413
UA,2025-05-02,5257.151294786142,111.6623187113673
UA,2025-05-03,4574.032435963534,97.15281889779982
UA,2025-05-04,4818.303390187615,102.34115372269832
UA,2025-05-05,5970.319751601981,126.18852341130356
UA,2025-05-06,6507.053061433091,137.899858889204
UA,2025-05-07,5993.82200576027,127.62669904118012
UA,2025-05-08,5869.237935066455,124.67977217105766
UA,2025-05-09,5998.456244584458,127.9343153664013
UA,2025-05-10,4730.197377333829,100.8850508101143
UA,2025-05-11,5683.523134209144,121.21746185955902
UA,2025-05-12,4289.8880752971845,91.75681617565546
UA,2025-05-13,4442.343013488231,96.24252051632077
UA,2025-05-14,4761.573338586585,103.30495566702069
UA,2025-05-15,4705.665631298337,101.0046584636228
UA,2025-05-16,3760.543333662992,81.07572227089162
UA,2025-05-17,5818.822398595047,125.45134755104871
UA,2025-05-18,3291.1499101555783,70.95579877488952
UA,2025-05-19,2781.170378974994,59.8757858936682
UA,2025-05-20,3907.6006303887702,83.39559397451715
UA,2025-05-21,3791.0195825896712,81.26149910914347
UA,2025-05-22,4676.235693493435,99.67718866289736
UA,2025-05-23,4406.850955792847,93.90644317142282
UA,2025-05-24,4821.47087338007,102.74165954684017
UA,2025-05-25,3676.97494812118,78.35337352505599
UA,2025-05-26,5486.48577393375,116.74640809819259
UA,2025-05-27,3844.6418577004374,81.29066196639046
UA,2025-05-28,3856.6716504919195,81.518474806637
UA,2025-05-29,3865.317794872125,82.10785929318963
UA,2025-05-30,3641.776871823538,77.81142226764193
UA,2025-05-31,3180.4951808775327,67.9555234298422
UA,2025-06-01,5047.796928830795,107.85291690698368
UA,2025-06-02,4481.911025246245,95.2099040924129
UA,2025-06-03,4931.620469268578,103.81659486663166
UA,2025-06-04,4916.348313844556,103.6629109554099
UA,2025-06-05,5351.936626961934,113.38536495736206
UA,2025-06-06,5498.922057320417,116.06659850435581
UA,2025-06-07,4685.289144765289,98.89312275636833
UA,2025-06-08,4358.253246815214,91.99032546842506
UA,2025-06-09,4799.032844515993,101.51827579858086
UA,2025-06-10,5842.6001132694355,123.33628406375665
UA,2025-06-11,6284.533785033688,132.2967832768184
UA,2025-06-12,5403.255372058065,113.8577334902092
UA,2025-06-13,5186.133167521633,107.85905823369485
UA,2025-06-14,3920.796187566454,81.54310170158486
UA,2025-06-15,3751.542735726979,78.02303823068638
UA,2025-06-16,4479.971889167776,93.93431872382247
UA,2025-06-17,4089.5528581185467,85.07937500636702
UA,2025-06-18,4539.3715149993495,94.53892387728543
UA,2025-06-19,4422.127851057394,92.31460062997141
UA,2025-06-20,3971.682453400046,82.98715922606084
UA,2025-06-21,4065.9080545279558,84.9559759821132
UA,2025-06-22,4163.06449924563,86.98603186956748
UA,2025-06-23,4975.307951445284,103.22087176187192
UA,2025-06-24,5123.685482550439,106.69698990544615
UA,2025-06-25,4926.053691653923,101.55052922079315
UA,2025-06-26,4879.1861448293175,100.96859404329372
UA,2025-06-27,5056.94702270077,103.97111358815678
UA,2025-06-28,5110.984265885009,105.08212232996854
UA,2025-06-29,4458.083655194571,91.65844926178237
UA,2025-06-30,4203.949063974785,86.17775430791053
UA,2025-07-01,5446.74832804467,111.19080562542199
UA,2025-07-02,5591.6688165559235,113.17037109523758
UA,2025-07-03,4988.917301110609,101.53944617670089
UA,2025-07-04,5270.049184238364,107.16753330374623
UA,2025-07-05,4933.484346577398,100.32341815643872
UA,2025-07-06,4923.8365560656885,100.12722835349275
UA,2025-07-07,5152.571023708509,104.89548306647887
UA,2025-07-08,5622.705966498234,114.68239832950701
UA,2025-07-09,5327.824061871263,108.60631686187631
UA,2025-07-10,4734.362393985345,96.93080837024459
UA,2025-07-11,4235.165449875869,86.47606839971145
UA,2025-07-12,4575.743876351281,93.43019655643249
UA,2025-07-13,4501.569369907678,91.91565839525632
UA,2025-07-14,5903.187106134636,120.86391736009134
UA,2025-07-15,5487.267978485159,112.22026530064358
UA,2025-07-16,5373.237500917319,110.1003317600177
UA,2025-07-17,5344.406639667253,110.14921031389834
UA,2025-07-18,6077.393664404136,125.42941186774186
UA,2025-07-19,4161.829139200761,85.89467953696618
UA,2025-07-20,3617.7485955839297,74.66557272523367
UA,2025-07-21,5591.347921294313,115.03174277972951
UA,2025-07-22,4748.28640545989,97.31949747513133
UA,2025-07-23,4944.663302583512,101.1894572147882
UA,2025-07-24,5726.437249645997,116.90877381014691
UA,2025-07-25,5776.692189076096,117.6494155723438
UA,2025-07-26,5468.715745902466,111.37709789234955
UA,2025-07-27,5631.368264927586,114.6897157674826
UA,2025-07-28,6107.14591248847,124.68270494959259
UA,2025-07-29,5864.86440672704,120.43658824370111
UA,2025-07-30,5828.804352504096,120.8693669646669
UA,2025-07-31,5068.863916574365,105.27650969766958
UA,2025-08-01,5459.846447617813,114.34448916561387
UA,2025-08-02,5284.691519021055,110.6762539821914
UA,2025-08-03,4974.4237942181635,104.17837811012487
UA,2025-08-04,5502.56073102391,115.49131764691867
UA,2025-08-05,5082.660554081455,105.12876815689609
UA,2025-08-06,5526.536136188694,114.91734772097911
UA,2025-08-07,4805.428720180111,99.5213609119964
UA,2025-08-08,5571.971021921989,115.41906997104127
UA,2025-08-09,6364.610532718354,131.83798435492486
UA,2025-08-10,5523.495138947905,114.41492954983644
UA,2025-08-11,5361.084488775664,111.23989734749966
UA,2025-08-12,5642.828173583711,117.07865388819012
UA,2025-08-13,6293.959603625624,130.91741798629715
UA,2025-08-14,6508.93944918154,133.79885068784102
UA,2025-08-15,4766.696200525287,98.40311723713188
UA,2025-08-16,4967.630017051185,102.5511713762489
UA,2025-08-17,6044.6638481836535,124.78533145165005
UA,2025-08-18,6798.330490017709,140.73499282732976
UA,2025-08-19,5640.616456963159,117.08864046637615
UA,2025-08-20,5346.865875867745,110.64594841637495
UA,2025-08-21,4947.5175529302105,102.71293115258574
UA,2025-08-22,5547.964769180518,115.62475421623544
UA,2025-08-23,4573.641329588987,95.3189460655236
UA,2025-08-24,3878.6324928474014,80.83431444479551
UA,2025-08-25,5002.37772053733,104.41197496425234
UA,2025-08-26,4627.1208300980215,95.45749766567481
UA,2025-08-27,4933.42940916263,102.21440592478332
UA,2025-08-28,5011.587781732216,104.66975316901038
UA,2025-08-29,6010.531904567976,124.87055755832097
UA,2025-08-30,5819.830659535608,120.90868343929996
UA,2025-08-31,5838.686365809793,121.30041624980612
UA,2025-09-01,3939.467835929875,81.73848111731006
UA,2025-09-02,3515.188715753648,72.52671822878523
UA,2025-09-03,3581.266930683914,74.33777536105235
UA,2025-09-04,3697.7239096383264,76.71244397868834
UA,2025-09-05,3424.829546285023,71.15080038319518
UA,2025-09-06,4718.737779725028,98.03173129887377
UA,2025-09-07,3539.868811837534,73.54074000177697
UA,2025-09-08,4642.714018107986,96.3950638474025
UA,2025-09-09,4827.939893720572,99.78834796804942
UA,2025-09-10,5198.73417172228,107.65297011741751
UA,2025-09-11,3852.109251572204,79.8516867790792
UA,2025-09-12,4704.549976792776,97.45535324042135
UA,2025-09-13,4068.168839207354,84.27263675003167
UA,2025-09-14,2736.5822188825355,56.6886499512684
UA,2025-09-15,4605.095485839316,95.16056045079581
UA,2025-09-16,5125.197403737683,105.68136396368584
UA,2025-09-17,4953.655316455131,101.8082877888375
UA,2025-09-18,3794.393730060677,77.79573726182248
UA,2025-09-19,4637.719218537704,95.06445051835
UA,2025-09-20,3347.1044404343133,68.60929466914654
UA,2025-09-21,3034.871659633163,62.20911467937201
UA,2025-09-22,5246.6276952851695,108.3532665300573
UA,2025-09-23,5271.588906581557,108.17865042317642
UA,2025-09-24,6721.700053824933,137.7363682414558
UA,2025-09-25,4230.243510128725,86.93954473694028
UA,2025-09-26,4210.872093947554,86.44460056798465
UA,2025-09-27,4030.394066678263,82.73958397509972
UA,2025-09-28,4451.56129949185,91.3856868252015
UA,2025-09-29,6743.085380099267,139.30296472329337
UA,2025-09-30,6427.277237712118,132.6831356565564
UA,2025-10-01,6579.990737578366,136.223795257798
UA,2025-10-02,5462.116664501013,112.91570707250293
UA,2025-10-03,4348.654598585778,89.65577198092892
UA,2025-10-04,4432.325502241115,91.38080653805395
UA,2025-10-05,4301.672266398068,88.68714199060422
UA,2025-10-06,7243.632192042988,149.7181211125462
UA,2025-10-07,6526.131060288397,135.20168098116406
UA,2025-10-08,6107.979529335807,126.78943354193338
UA,2025-10-09,5864.084031480327,121.8166716830221
UA,2025-10-10,5994.867112955174,124.3611618007807
UA,2025-10-11,7995.841722607527,165.87059353655152
UA,2025-10-12,5297.172440681172,109.88776007370916
UA,2025-10-13,7196.5353660767405,149.58688668070567
UA,2025-10-14,7885.89830980822,163.82980074267044
UA,2025-10-15,8008.164572988137,166.02255963437926
UA,2025-10-16,8366.041900038068,172.38872163951999
UA,2025-10-17,8332.000746603615,171.7145225010225
UA,2025-10-18,6815.878065400968,140.46869209686594
UA,2025-10-19,4905.224439404091,101.0919583409743
UA,2025-10-20,6918.233538098177,141.87639529838927
UA,2025-10-21,6164.707552193097,126.68161749569688
UA,2025-10-22,6566.498877247172,135.4665851903149
UA,2025-10-23,6758.980594216851,139.7378609071275
UA,2025-10-24,6132.0314289282605,126.3029076899428
UA,2025-10-25,5647.8170872101355,116.32942989339148
UA,2025-10-26,5875.890509358974,121.0271123364883
UA,2025-10-27,5975.476082729053,122.53164207471174
UA,2025-10-28,6012.484776801119,122.76841228240825
UA,2025-10-29,5965.825456498695,121.80523366420084
UA,2025-10-30,5736.272700254568,117.3885302012366
UA,2025-10-31,7974.304360096343,164.37390978324134
UA,2025-11-01,5821.486713414931,119.99799463681909
UA,2025-11-02,5538.383549238489,114.16240423716614
UA,2025-11-03,6885.648987571391,142.23961320196722
UA,2025-11-04,5531.461154735122,114.22290410361022
UA,2025-11-05,5743.459828007232,118.8312687218692
UA,2025-11-06,4518.880629874868,93.49066475242356
UA,2025-11-07,6591.63008147539,135.84715680748255
UA,2025-11-08,6303.993705180083,129.9192477119863
UA,2025-11-09,8054.775878321881,166.00118457293706
UA,2025-11-10,7523.7364149339655,155.1100366334328
UA,2025-11-11,7990.882774049298,164.61452267163747
UA,2025-11-12,7602.53537455072,156.39826650327234
UA,2025-11-13,7323.344139179396,150.51761277868798
UA,2025-11-14,6538.994863273085,133.76910161003966
UA,2025-11-15,5595.694512205227,114.47187884886118
UA,2025-11-16,6813.509997596803,139.38489481139138
UA,2025-11-17,7197.758138330886,146.94250387030095
UA,2025-11-18,7889.060052188354,161.70348067092092
UA,2025-11-19,8071.332717678154,165.42531506942112
UA,2025-11-20,8583.311337176594,176.11344341669013
UA,2025-11-21,8096.229210375797,166.8771647015279
UA,2025-11-22,7545.382878385139,155.52327739420807
UA,2025-11-23,6258.752587733432,129.0036212253959
UA,2025-11-24,6682.867376572766,137.21252402904793
UA,2025-11-25,6301.671065610829,128.8219001631481
UA,2025-11-26,6648.710831554035,135.831292027589
UA,2025-11-27,7060.503350219042,144.24468672367348
UA,2025-11-28,7657.988099838969,156.69511723176242
UA,2025-11-29,6541.408417930542,133.8480480179928
UA,2025-11-30,7376.741978087497,150.9403558709094
UA,2025-12-01,7482.833668671844,153.04415264815103
UA,2025-12-02,6772.50757211403,137.33187276287754
UA,2025-12-03,6174.481679533642,125.53867585802756
UA,2025-12-04,5869.546151387431,119.23670725607262
UA,2025-12-05,5591.464433707072,113.58670212948891
UA,2025-12-06,5686.698282596175,115.52131138161992
UA,2025-12-07,8489.474790878729,172.45776231612973
UA,2025-12-08,8942.80296392158,182.52071009573373
UA,2025-12-09,8907.335089441991,181.69261486045647
UA,2025-12-10,8559.375737843971,174.348452195178
UA,2025-12-11,8324.173053968665,169.13791146185562
UA,2025-12-12,8280.674530018852,167.23432568491523
UA,2025-12-13,8392.402296140448,169.49075027446912
UA,2025-12-14,6246.104447141209,126.14468321251994
UA,2025-12-15,8469.215936879513,171.2066422375669
UA,2025-12-16,6216.934795397208,125.20284595069587
UA,2025-12-17,6584.453363997964,132.56825998014762
UA,2025-12-18,6220.840384941802,125.34662899270391
UA,2025-12-19,7300.051566435394,147.19626500051203
UA,2025-12-20,7230.872980401358,145.80136670567725
UA,2025-12-21,5130.016191780822,103.44025873655728
UA,2025-12-22,5446.974736300304,110.10106091869837
UA,2025-12-23,5643.639651557314,114.03503813986781
UA,2025-12-24,8230.244904179823,165.81100735106816
UA,2025-12-25,4898.9270176546215,98.6040846662149
UA,2025-12-26,4680.379251937393,94.69372203043697
UA,2025-12-27,5846.438791033319,118.28551062756455
UA,2025-12-28,7636.761181389526,154.50742377853027
UA,2025-12-29,7608.375154209249,153.5333356380208
UA,2025-12-30,7278.864056607826,146.59612419531393
UA,2025-12-31,7748.93190400343,155.4247069891274
UA,2026-01-01,5009.848309185045,100.61007113578442
UA,2026-01-02,6997.480060399397,141.22087149316945
UA,2026-01-03,6254.261587176472,126.22147748383897
UA,2026-01-04,6320.780387050656,127.56393831371317
UA,2026-01-05,7084.89326171875,142.8999395256649
UA,2026-01-06,6390.9692615435115,129.07502709444503
UA,2026-01-07,6812.829507459559,136.80600305746998
UA,2026-01-08,6440.744252318355,129.01718399086482
UA,2026-01-09,6874.02010949558,136.99762256798203
UA,2026-01-10,8051.8413531618435,160.47132611002513
UA,2026-01-11,8306.226347705293,165.541159906595
UA,2026-01-12,8146.9026292317885,162.46884256730144
UA,2026-01-13,8265.267063219339,163.58313798765275
UA,2026-01-14,8207.827717449887,163.10647486382445
UA,2026-01-15,8482.207835136514,168.75011857452247
UA,2026-01-16,8364.138750081274,165.8317472135073
UA,2026-01-17,6913.679716211834,137.07419511696324
UA,2026-01-18,6229.994743518701,123.51910272156036
UA,2026-01-19,9020.343347964601,178.84306321454406
UA,2026-01-20,11039.27193083363,219.4551017896239
UA,2026-01-21,10065.088426602071,198.43673889586296
UA,2026-01-22,13502.702944203993,266.4994887037492
UA,2026-01-23,12850.932391037857,254.37266337631672
UA,2026-01-24,11310.925856960073,223.88961733963458
UA,2026-01-25,9937.519460603216,196.70427138115753
UA,2026-01-26,7616.876817424525,150.37098461173818
UA,2026-01-27,11945.312423457955,233.9250484866837
UA,2026-01-28,9813.70406433147,191.56278612467904
UA,2026-01-29,9504.004970132177,185.52146594152833
UA,2026-01-30,9515.198247096372,185.69030365725916
UA,2026-01-31,7927.5730004026955,154.70759510019448
UA,2026-02-01,12025.718854837445,234.6834325320574
UA,2026-02-02,9399.449851002633,184.22166399142796
UA,2026-02-03,9571.690143675296,188.02601929971786
UA,2026-02-04,10953.175315095852,214.97806318907192
UA,2026-02-05,11676.942272491546,228.80263098837165
UA,2026-02-06,12436.264452810283,244.34083707571895
UA,2026-02-07,13551.998423275505,266.26216026177286
UA,2026-02-08,14805.700055484253,290.89419566271334
UA,2026-02-09,15000,295.4908102358017
UA,2026-02-10,13005.238860050304,254.4060809868995
UA,2026-02-11,8871.560842204368,173.09788440587076
UA,2026-02-12,6212.705862847759,121.32342851768207
UA,2026-02-13,10717.684126535429,210.00737000116447
UA,2026-02-14,6981.3791944940485,136.79644467097057
UA,2026-02-15,5665.028226836339,111.00324145164358
UA,2026-02-16,7771.655888104504,152.00509877452694
UA,2026-02-17,9680.340993628053,189.2118079964202
UA,2026-02-18,10929.39800479129,213.5920422281103
UA,2026-02-19,8214.248666716598,160.25394558703567
UA,2026-02-20,8705.274659139082,170.97225562617635
UA,2026-02-21,6408.082250260553,125.85522220311675
UA,2026-02-22,6902.438601460344,135.5644184958519
UA,2026-02-23,9373.834296921523,184.10028668070632
UA,2026-02-24,12871.34454061215,252.35307978998557
UA,2026-02-25,10969.518821613603,215.23251471304545
UA,2026-02-26,8694.017529543486,170.59804422007542
UA,2026-02-27,12198.743373887226,239.07666476993802
UA,2026-02-28,8950.222044763303,175.41062794982994
UA,2026-03-01,5122.977072439175,100.40249512858895
UA,2026-03-02,7509.394365493279,147.63062954488902
UA,2026-03-03,4816.893442598789,95.19288878566184
UA,2026-03-04,5471.9917951722955,108.44281268363261
UA,2026-03-05,5590.297387506806,109.97140477566842
UA,2026-03-06,5785.291032312546,113.65190344715396
UA,2026-03-07,6994.66532379415,137.41003237087654
UA,2026-03-08,7760.492740395411,152.4546935854323
UA,2026-03-09,8506.95459440491,168.3138959998755
UA,2026-03-10,6770.146703966015,133.49870850125833
UA,2026-03-11,7345.642303561688,143.92327186799184
UA,2026-03-12,7726.54225483154,151.69446204530763
UA,2026-03-13,6092.33054927541,119.56061208249096
UA,2026-03-14,5948.5576372567,116.73910113149972
UA,2026-03-15,5524.765137151352,108.42226896050225
UA,2026-03-16,7521.550862034548,148.4533220838894
UA,2026-03-17,9747.063080883085,192.71463670517016
UA,2026-03-18,7632.317391186012,150.72073965390197
UA,2026-03-19,9033.118495824796,178.7876031102815
UA,2026-03-20,9092.718357018579,180.04242022324485
UA,2026-03-21,7795.2005933395585,154.35062715510222
UA,2026-03-22,7574.596771484087,149.98251143460388
UA,2026-03-23,11176.848035900663,220.54722256886967
UA,2026-03-24,8482.144127182057,166.69897858188503
UA,2026-03-25,6992.242756849725,137.3853820279305
UA,2026-03-26,8346.044537374784,164.12324589791976
UA,2026-03-27,7027.28249996127,138.85056233424888
UA,2026-03-28,6930.9176650423215,136.9465103030666
UA,2026-03-29,6733.4616616820495,133.04501963394972
UA,2026-03-30,8181.0676484962605,162.04594231870277
UA,2026-03-31,8358.431708125641,166.1309800610515
UA,2026-04-01,6274.27643598566,124.35489402325376
UA,2026-04-02,5140.331860291087,101.14622084443943
UA,2026-04-03,5250.75526621762,104.06457945560491
UA,2026-04-04,3417.3394263700875,67.72815951836105
UA,2026-04-05,2609.711472239038,51.72180250073902
UA,2026-04-06,2845.1014045843203,56.54882413613212
UA,2026-04-07,6158.969000080428,122.39361300610933
UA,2026-04-08,3936.814843570411,78.31169088343823
UA,2026-04-09,4996.965287509581,98.4468514817286
UA,2026-04-10,7166.9660455343155,141.08784114174634
UA,2026-04-11,5709.126853264146,112.38903287860613
UA,2026-04-12,3401.9877633933424,66.97103154644863
UA,2026-04-13,4523.622165492937,88.85964082881571
UA,2026-04-14,5438.053789267767,107.14954660442477
UA,2026-04-15,7118.7859387914605,138.69935370648514
UA,2026-04-16,7157.336268991388,139.59596247823148
UA,2026-04-17,6401.353920159425,124.48764566173408
UA,2026-04-18,5832.409753005842,113.42334258377494
UA,2026-04-19,5109.011530262465,99.35535903710628
UA,2026-04-20,7502.335465072209,144.92589763442925
UA,2026-04-21,6810.437431527566,131.24025505469083
UA,2026-04-22,6886.890547355441,132.66650126957796
UA,2026-04-23,6216.636439979816,120.71748165887631
UA,2026-04-24,6773.789213445496,131.83605447691136
UA,2026-04-25,6243.058010683738,121.50660583965359
UA,2026-04-26,5045.871655548939,98.20615751432334
UA,2026-04-27,6500.027450089705,126.09561984639109
UA,2026-04-28,6638.076924345977,128.2447581064117
UA,2026-04-29,7229.353942303422,140.37607727982814
UA,2026-04-30,6627.3219525897375,128.48552553183555
UA,2026-05-01,4168.656141255174,81.00974453795324
UA,2026-05-02,4788.220782851961,93.04978133633306
UA,2026-05-03,3649.5951195403723,70.92280060593004
UA,2026-05-04,4662.757244522165,90.36754050126584
UA,2026-05-05,3888.2623785502083,75.56186362762269
UA,2026-05-06,3833.836869873451,74.5936355316132
UA,2026-05-07,3830.4042294326846,74.21149845746821
UA,2026-05-08,4090.0449019717908,79.35163060905667
UA,2026-05-09,3457.139824558455,67.07253560711975
UA,2026-05-10,4346.926017457696,84.33542317736146
UA,2026-05-11,5201.296045858588,100.80070166664575
UA,2026-05-12,5473.155308143172,105.81523185973107
UA,2026-05-13,7933.987875397622,153.63559369573412
UA,2026-05-14,4654.5001916198635,90.37618766907042
UA,2026-05-15,5974.095030842307,116.14076314275536
UA,2026-05-16,4214.468919779696,81.93234859131887
UA,2026-05-17,4206.5717428922235,81.77882171475441
UA,2026-05-18,7653.972861734185,149.3149292387172
UA,2026-05-19,7343.057704932538,142.8332562717864
UA,2026-05-20,6007.972461634867,117.12132213647715
UA,2026-05-21,5140.8491243406825,100.20484264864866
UA,2026-05-22,6132.49676421884,119.53555591067995
UA,2026-05-23,5002.707524838025,97.51353291031515
UA,2026-05-24,4164.535746297202,81.17576163237418
UA,2026-05-25,5295.324901665537,103.16137387451002
UA,2026-05-26,5827.4405771321235,113.09401555545443
UA,2026-05-27,6061.957944951315,117.6715915853419
UA,2026-05-28,6319.964294190191,122.6163269643012
UA,2026-05-29,5734.336647867346,111.48423677183906
UA,2026-05-30,5506.41365665002,107.05306673788783
UA,2026-05-31,5285.3048119171835,102.75437408828363
UA,2026-06-01,5595.915699836698,108.54369065429204
UA,2026-06-02,4619.215570442932,89.5215900037197
UA,2026-06-03,4518.227586308258,87.46017425936033
UA,2026-06-04,3349.788843671561,65.01275773693911
UA,2026-06-05,3494.771095929224,67.6381999111496
UA,2026-06-06,4856.73805442484,93.99786435910475
UA,2026-06-07,4590.694845789329,88.84883363956695
UA,2026-06-08,5924.797449777574,114.73827063234228
UA,2026-06-09,5409.239032338925,105.3313542598784
UA,2026-06-10,5354.245477997551,103.16942359564895
UA,2026-06-11,5755.996174621985,110.91726820032922
UA,2026-06-12,6473.98611608596,124.89555584016189
UA,2026-06-13,3763.3214089230373,72.60165696135131
UA,2026-06-14,3254.879800975111,62.79284735035479
UA,2026-06-15,6158.619775684399,118.7565518882744
UA,2026-06-16,7377.835923677686,141.77839808135022
UA,2026-06-17,8100.326262844176,155.95155036250875
UA,2026-06-18,6483.733466361644,124.85381386623003
UA,2026-06-19,6106.835311263746,118.6800316241888
UA,2026-06-20,5519.341424423562,107.26269522728144
UA,2026-06-21,5223.732062054774,101.51783284174678
UA,2026-06-22,5184.577675024709,100.74359443999114
UA,2026-06-23,7381.171334364355,143.56233534504645
UA,2026-06-24,8757.095950644663,171.3556446878701
UA,2026-06-25,6080.351515048635,119.50165022726868
UA,2026-06-26,6506.403612330244,127.77672495400135
UA,2026-06-27,5673.168869688593,111.4131525603562
UA,2026-06-28,5126.982060259558,100.68680266259412
UA,2026-06-29,6871.426212210749,134.38865291527154
UA,2026-06-30,7380.564113726193,144.24489491695206
UA,2026-07-01,7634.754663457617,149.60309647128386
UA,2026-07-02,7953.3689985904375,156.01540658813173
UA,2026-07-03,6555.941305990749,128.33950578258728
UA,2026-07-04,3144.8050294993723,61.56289454570564
UA,2026-07-05,3511.980724081936,68.75074827695303
UA,2026-07-06,5395.735827071421,105.75042827632515
UA,2026-07-07,5741.551927184978,112.86803763318323
UA,2026-07-08,5342.846138287159,105.00133910114769
UA,2026-07-09,5657.880962021496,111.60761271504337
UA,2026-07-10,6522.664284171565,128.20508137641448
UA,2026-07-11,1992.5385828162052,39.163991894462804
UA,2026-07-12,2217.327962906398,43.582300044546784
UA,2026-07-13,3318.006681908237,65.23803936115291
UA,2026-07-14,3779.1110899760247,74.02169639609797
UA,2026-07-15,4173.82939380264,81.52265293061188
UA,2026-07-16,3618.3035227512455,70.8548776250381
UA,2026-07-17,4430.497362968923,86.5925148484395
UA,2026-07-18,3172.086589735591,61.99731827357408
UA,2026-07-19,3596.249939690602,70.28744197077687
UA,2026-07-20,4388.187190859783,85.9426197056333
UA,2026-07-21,4706.90980840537,92.11985024914856
UA,2026-07-22,4506.9798454973225,88.20249374237638
UA,2026-07-23,5006.551864041871,98.0409992586417
UA,2026-07-24,5323.806755531007,104.27039908830612
UA,2026-07-25,2723.08771786219,53.33353672143849
UA,2026-07-26,2799.791265287911,54.835828196097964
UA,2026-07-27,2451.134233663448,48.09417846384596
UA,2026-07-28,3655.999749959235,71.58240494105094
UA,2026-07-29,4540.263062044474,88.90396112820177
UA,2026-07-30,5643.457265753043,110.48012313244486
UA,2026-07-31,5736.326407042742,111.87440213287921
UA,2026-08-01,5525.49318400653,107.76256485179884
UA,2026-08-02,5493.63201563784,107.14118299351999
UA,2026-08-03,8315.093875164976,162.17327038581735
UA,2026-08-04,9005.261126070367,174.37761536706086
UA,2026-08-05,8544.723206141298,165.79719515498124
UA,2026-08-06,9639.24125475812,186.71545259316886
UA,2026-08-07,7980.232159622731,154.44106076677815
UA,2026-08-08,6559.180133449342,126.93950718573883
UA,2026-08-09,5149.706606783149,99.66203176561152
UA,2026-08-10,7509.9322127297455,145.49958951172425
UA,2026-08-11,7963.787754087187,153.7960034778287
UA,2026-08-12,5535.841492065689,106.95273527600988
UA,2026-08-13,6330.952983018139,122.64748868186658
UA,2026-08-14,8453.213043425092,163.96717719812108
UA,2026-08-15,6124.272257171862,118.79265661975555
UA,2026-08-16,5582.424434699467,108.28242134408706
UA,2026-08-17,8643.131738810256,167.1526985922924
UA,2026-08-18,7829.813820459117,151.13078278070105
UA,2026-08-19,8885.728677926943,171.43855108058096
UA,2026-08-20,7045.578747256202,135.83697715265515
UA,2026-08-21,5459.0814854674445,104.72033403863496
UA,2026-08-22,4763.831704249426,91.38351363702402
UA,2026-08-23,2850.148143758058,54.673751705023726
UA,2026-08-24,3757.3915158916775,71.91290040597133
UA,2026-08-25,2912.948715679065,55.84705183876858
UA,2026-08-26,3870.8784780568885,74.31164024543939
UA,2026-08-27,3226.446997672666,62.037513414718234
UA,2026-08-28,2017.1925440657315,38.898536846255176
UA,2026-08-29,2533.921396647152,48.86287880795468
UA,2026-08-30,4041.8571734548523,77.94116166622673
UA,2026-08-31,3757.0122827646214,72.41679483513276
UA,2026-09-01,5357.096103089421,103.74550182310367
UA,2026-09-02,5071.433138471553,98.40621430331893
UA,2026-09-03,8531.519536203943,165.20089801007958
UA,2026-09-04,4635.055220442763,89.24173768907592
UA,2026-09-05,3116.0232985155485,59.99482651527293
UA,2026-09-06,3626.839705480441,69.82990757246961
