date,product,supply_conditions,volume_tcm,price_uah_excl_vat,price_uah_incl_vat
2020-10-09,WD,ГТС,1,4333.33,5200
2020-10-23,WD,ГТС,20,5325.83,6391
2020-10-24,WD,ГТС,20,5337.08,6404.5
2020-10-26,WD,ГТС,70,5376.78,6452.14
2020-10-29,WD,ГТС,2,5200,6240
2020-10-30,WD,ГТС,4,4970.63,5964.75
2020-11-01,WD,ГТС,52,5266.84,6320.21
2020-11-02,WD,ГТС,134,5077.3,6092.76
2020-11-03,WD,ГТС,75,5198.89,6238.67
2020-11-04,WD,ГТС,50,5166.67,6200
2020-11-05,WD,ГТС,40,5189.58,6227.5
2020-11-07,WD,ГТС,50,5125,6150
2020-11-11,WD,ГТС,5,5000,6000
2020-11-13,WD,ГТС,7,5033.33,6040
2020-11-16,WD,ГТС,35,5033.62,6040.34
2020-11-17,WD,ГТС,122,5016.29,6019.55
2020-11-18,WD,ГТС,30,4988,5985.6
2020-11-19,WD,ГТС,17,4916.67,5900
2020-11-20,WD,ГТС,10,4810,5772
2020-11-21,WD,ГТС,15,4833.33,5800
2020-11-22,WD,ГТС,17,4875,5850
2020-11-23,WD,ГТС,54,4737.47,5684.96
2020-11-24,WD,ГТС,50,4756.67,5708
2020-11-25,WD,ГТС,188,4770.3,5724.36
2020-11-26,WD,ГТС,160,4791.67,5750
2020-11-27,WD,ГТС,100,4758.38,5710.06
2020-11-28,WD,ГТС,13,4916.67,5900
2020-11-29,WD,ГТС,28,4893.6,5872.32
2020-11-30,WD,ГТС,24,4800.35,5760.42
2020-12-03,WD,ГТС,1,5000,6000
2020-12-10,WD,ГТС,35,5080.95,6097.14
2020-12-11,WD,ГТС,47,5154.17,6185
2020-12-12,WD,ГТС,30,5125,6150
2020-12-14,WD,ГТС,52,5261.54,6313.85
2020-12-16,WD,ГТС,60,5833.06,6999.67
2020-12-18,WD,ГТС,164,5805.85,6967.02
2020-12-21,WD,ГТС,110,5729.43,6875.32
2020-12-22,WD,ГТС,30,6044.44,7253.33
2020-12-23,WD,ГТС,25,6040,7248
2020-12-24,WD,ГТС,45,6041.67,7250
2020-12-25,WD,ГТС,1700,6250,7500
2020-12-26,WD,ГТС,300,6250,7500
2020-12-27,WD,ГТС,138,6250,7500
2020-12-28,WD,ГТС,330,6540,7848
2020-12-29,WD,ГТС,641,6550.8,7860.96
2020-12-30,WD,ГТС,33,6969.7,8363.64
2020-12-31,WD,ГТС,50,6500,7800
2021-01-04,WD,ГТС,17,6679.41,8015.29
2021-01-05,WD,ГТС,50,6833.33,8200
2021-01-08,WD,ГТС,50,6916.67,8300
2021-01-11,WD,ГТС,10,6935.83,8323
2021-01-12,WD,ГТС,37,7452.7,8943.24
2021-01-13,WD,ГТС,45,7310,8772
2021-01-16,WD,ГТС,50,6750,8100
2021-01-18,WD,ГТС,40,6501.04,7801.25
2021-01-19,WD,ГТС,40,6539.58,7847.5
2021-01-28,WD,ГТС,2,6666.67,8000
2021-02-01,WD,ГТС,20,6650,7980
2021-02-02,WD,ГТС,50,6516.67,7820
2021-02-04,WD,ГТС,100,6417.5,7701
2021-02-05,WD,ГТС,126,6410,7692
2021-02-06,WD,ГТС,10,6400,7680
2021-02-08,WD,ГТС,131,6405.73,7686.87
2021-02-09,WD,ГТС,12,6625,7950
2021-02-10,WD,ГТС,12,6641.67,7970
2021-02-11,WD,ГТС,2,6650,7980
2021-02-12,WD,ГТС,2,6583.33,7900
2021-02-15,WD,ГТС,2,6415,7698
2021-02-16,WD,ГТС,2,6340,7608
2021-02-17,WD,ГТС,27,6334.2,7601.04
2021-02-18,WD,ГТС,27,6229.01,7474.81
2021-02-19,WD,ГТС,154,6125,7350
2021-02-20,WD,ГТС,165,6137.35,7364.82
2021-02-22,WD,ГТС,352,6060,7272
2021-02-23,WD,ГТС,109,6038.53,7246.24
2021-02-24,WD,ГТС,3,6025,7230
2021-02-25,WD,ГТС,11,6000,7200
2021-02-26,WD,ГТС,191,5911.43,7093.72
2021-02-27,WD,ГТС,100,5958.33,7150
2021-02-28,WD,ГТС,51,5920.83,7105
2021-03-01,WD,ГТС,44,5957.38,7148.86
2021-03-02,WD,ГТС,33,5954.8,7145.76
2021-03-03,WD,ГТС,234,5927.35,7112.82
2021-03-04,WD,ГТС,33,5930.81,7116.97
2021-03-08,WD,ГТС,502,6186.88,7424.26
2021-03-11,WD,ГТС,150,6090,7308
2021-03-15,WD,ГТС,243,6448.38,7738.05
2021-03-16,WD,ГТС,12,6233.33,7480
2021-03-17,WD,ГТС,124,6225.24,7470.29
2021-03-18,WD,ГТС,162,6289.46,7547.35
2021-03-19,WD,ГТС,169,6288.03,7545.64
2021-03-20,WD,ГТС,38,6262.5,7515
2021-03-21,WD,ГТС,10,6250,7500
2021-03-22,WD,ГТС,71,6166.67,7400
2021-03-23,WD,ГТС,19,6208.86,7450.63
2021-03-24,WD,ГТС,37,6199.17,7439
2021-03-25,WD,ГТС,24,6345,7614
2021-03-26,WD,ГТС,286,6341.82,7610.18
2021-03-27,WD,ГТС,65,6395,7674
2021-03-29,WD,ГТС,349,6356.95,7628.34
2021-03-30,WD,ГТС,146,6392.53,7671.04
2021-03-31,WD,ГТС,28,6512.5,7815
2021-04-01,WD,ГТС,163,6807.57,8169.08
2021-04-03,WD,ГТС,40,6737.5,8085
2021-04-05,WD,ГТС,50,6760,8112
2021-04-09,WD,ГТС,5,7225,8670
2021-04-14,WD,ПСГ,10,7100,8520
2021-04-16,WD,ГТС,20,7273.75,8728.5
2021-04-22,WD,ГТС,20,7666.67,9200
2021-04-24,WD,ГТС,3,7625,9150
2021-04-26,WD,ГТС,38,7628.33,9154
2021-04-28,WD,ГТС,10,7708.33,9250
2021-04-29,WD,ГТС,110,7668.18,9201.82
2021-04-29,WD,ПСГ,50,7583.33,9100
2021-04-30,WD,ГТС,60,7775,9330
2021-04-30,WD,ПСГ,200,7710.21,9252.25
2021-05-03,WD,ПСГ,100,7708.33,9250
2021-05-04,WD,ПСГ,200,7750,9300
2021-05-05,WD,ПСГ,250,7750,9300
2021-05-06,WD,ПСГ,603,8003.88,9604.65
2021-05-08,WD,ПСГ,50,8291.67,9950
2021-05-08,WD,ГТС,20,8166.67,9800
2021-05-09,WD,ГТС,10,8291.67,9950
2021-05-10,WD,ПСГ,50,8250,9900
2021-05-10,WD,ГТС,22,8287.88,9945.45
2021-05-11,WD,ПСГ,155,8338.33,10006
2021-05-11,WD,ГТС,36,8383.03,10059.64
2021-05-12,WD,ГТС,3,9105.56,10926.67
2021-05-13,WD,ГТС,2,9250,11100
2021-05-17,WD,ГТС,10,9166.67,11000
2021-05-23,WD,ПСГ,30,8875,10650
2021-05-26,WD,ПСГ,135,9131.67,10958
2021-05-26,WD,ГТС,20,9050,10860
2021-05-27,WD,ГТС,10,9050,10860
2021-05-30,WD,ГТС,20,9000,10800
2021-05-31,WD,ГТС,92,9004.53,10805.43
2021-06-01,WD,ГТС,87,9189.66,11027.59
2021-06-02,WD,ГТС,1,9325,11190
2021-06-03,WD,ГТС,25,9324.67,11189.6
2021-06-08,WD,ГТС,85,9384.97,11261.96
2021-06-09,WD,ГТС,22,9409.09,11290.91
2021-06-10,WD,ГТС,7,9691.67,11630
2021-06-11,WD,ПСГ,2,9583.33,11500
2021-06-11,WD,ГТС,25,9583.33,11500
2021-06-15,WD,ГТС,8,9666.67,11600
2021-06-16,WD,ГТС,8,9666.67,11600
2021-06-18,WD,ГТС,7,9666.67,11600
2021-06-19,WD,ГТС,9,9666.67,11600
2021-06-21,WD,ГТС,12,9666.67,11600
2021-06-22,WD,ПСГ,1,10000,12000
2021-06-22,WD,ГТС,13,9960.9,11953.08
2021-06-23,WD,ГТС,13,10096.15,12115.38
2021-06-24,WD,ГТС,10,10416.67,12500
2021-06-25,WD,ГТС,29,10632.18,12758.62
2021-06-27,WD,ГТС,10,10666.67,12800
2021-06-28,WD,ГТС,50,10539.75,12647.7
2021-06-29,WD,ПСГ,60,10958.33,13150
2021-06-29,WD,ГТС,130,10865.35,13038.42
2021-06-30,WD,ПСГ,316,11161.35,13393.62
2021-06-30,WD,ГТС,132,11017.68,13221.21
2021-07-01,WD,ГТС,40,11828.13,14193.75
2021-07-02,WD,ГТС,10,12083.33,14500
2021-07-05,WD,ГТС,94,12367.28,14840.74
2021-07-06,WD,ПСГ,7,12291.67,14750
2021-07-06,WD,ГТС,10,12000,14400
2021-07-07,WD,ГТС,8,12000,14400
2021-07-09,WD,ГТС,44,11673.79,14008.55
2021-07-12,WD,ГТС,14,11875,14250
2021-07-16,WD,ГТС,14,12000,14400
2021-07-18,WD,ГТС,3,11583.33,13900
2021-07-19,WD,ГТС,40,12010.83,14413
2021-07-20,WD,ГТС,116,11985.3,14382.36
2021-07-21,WD,ГТС,44,11988.75,14386.5
2021-07-22,WD,ГТС,35,12089.28,14507.14
2021-07-23,WD,ГТС,30,12000,14400
2021-07-26,WD,ГТС,161,12036.23,14443.48
2021-07-27,WD,ГТС,20,12083.33,14500
2021-07-28,WD,ГТС,131,12282.76,14739.31
2021-07-29,WD,ГТС,60,12583.33,15100
2021-07-30,WD,ПСГ,2,12583.33,15100
2021-07-30,WD,ГТС,27,12839.51,15407.41
2021-08-02,WD,ПСГ,122,13095.63,15714.75
2021-08-04,WD,ГТС,9,13333.33,16000
2021-08-05,WD,ПСГ,50,13333.33,16000
2021-08-05,WD,ГТС,15,13333.33,16000
2021-08-09,WD,ГТС,6,13750,16500
2021-08-10,WD,ПСГ,100,13583.33,16300
2021-08-11,WD,ПСГ,26,14080.13,16896.15
2021-08-12,WD,ГТС,31,14760.75,17712.9
2021-08-13,WD,ПСГ,14,14916.67,17900
2021-08-16,WD,ПСГ,70,15178.58,18214.29
2021-08-16,WD,ГТС,36,15057.87,18069.44
2021-08-17,WD,ГТС,6,15333.33,18400
2021-08-18,WD,ГТС,37,15327.82,18393.38
2021-08-25,WD,ГТС,30,15250,18300
2021-08-26,WD,ГТС,6,14750,17700
2021-08-27,WD,ПСГ,50,15000,18000
2021-08-27,WD,ГТС,25,15000,18000
2021-08-28,WD,ГТС,10,15083.33,18100
2021-08-30,WD,ПСГ,30,15250,18300
2021-08-30,WD,ГТС,50,15141.67,18170
2021-09-01,WD,ГТС,10,15500,18600
2021-09-02,WD,ГТС,25,15662.5,18795
2021-09-03,WD,ГТС,30,15875,19050
2021-09-06,WD,ГТС,20,16600,19920
2021-09-07,WD,ГТС,23,16800,20160
2021-09-09,WD,ГТС,4,17500,21000
2021-09-10,WD,ПСГ,3,18333.33,22000
2021-09-16,WD,ГТС,30,21459.17,25751
2021-09-17,WD,ГТС,35,21250,25500
2021-09-20,WD,ГТС,12,22291.67,26750
2021-10-04,WD,ПСГ,50,27500,33000
2021-10-05,WD,ПСГ,78,28654.92,34385.9
2021-10-06,WD,ПСГ,36,36666.67,44000
2021-11-02,WD,ПСГ,36,21688.66,26026.39
2021-11-05,WD,ПСГ,1,25910,31092
2021-11-15,WD,ГТС,25,23750,28500
2021-11-16,WD,ПСГ,59,26677.26,32012.71
2021-11-16,WD,ГТС,105,26646.83,31976.19
2021-11-17,WD,ПСГ,60,28819.17,34583
2021-11-17,WD,ГТС,20,28333.33,34000
2021-11-18,WD,ПСГ,1,30635,36762
2021-11-19,WD,ПСГ,10,27600,33120
2021-11-22,WD,ГТС,22,26333.33,31600
2021-11-22,WD,ПСГ,110,26738.09,32085.71
2021-11-23,WD,ПСГ,137,27248.78,32698.54
2021-11-23,WD,ГТС,20,27083.33,32500
2021-11-24,WD,ПСГ,410,27873.9,33448.68
2021-11-25,WD,ПСГ,340,28325,33990
2021-11-25,WD,ГТС,10,27916.67,33500
2021-11-29,WD,ГТС,30,28625,34350
2021-11-29,WD,ПСГ,205,28600.08,34320.1
2021-11-30,WD,ПСГ,260,29682.69,35619.23
2021-12-01,WD,ГТС,3,29666.67,35600
2021-12-01,WD,ПСГ,100,29166.67,35000
2021-12-02,WD,ПСГ,61,29200,35040
2021-12-02,WD,ГТС,90,29024.26,34829.11
2021-12-03,WD,ПСГ,22,29191.29,35029.55
2021-12-03,WD,ГТС,19,29166.67,35000
2021-12-07,WD,ПСГ,1,29875,35850
2021-12-07,WD,ГТС,10,29083.33,34900
2021-12-08,WD,ПСГ,93,30032.25,36038.7
2021-12-08,WD,ГТС,32,30066.41,36079.69
2021-12-09,WD,ПСГ,22,30681.82,36818.18
2021-12-09,WD,ГТС,42,30150.79,36180.95
2021-12-10,WD,ГТС,25,31283.33,37540
2021-12-13,WD,ПСГ,60,32361.11,38833.33
2021-12-13,WD,ГТС,20,31666.67,38000
2021-12-14,WD,ПСГ,240,35830,42996
2021-12-15,WD,ПСГ,32,35625,42750
2021-12-15,WD,ГТС,4,35416.67,42500
2021-12-16,WD,ПСГ,185,37686.93,45224.32
2021-12-16,WD,ГТС,22,39166.67,47000
2021-12-17,WD,ПСГ,42,38071.43,45685.71
2021-12-20,WD,ПСГ,105,41543.65,49852.38
2021-12-20,WD,ГТС,8,43750,52500
2021-12-21,WD,ГТС,10,47975,57570
2021-12-22,WD,ПСГ,61,49805.33,59766.39
2021-12-22,WD,ГТС,23,48731.88,58478.26
2021-12-23,WD,ГТС,10,43333.33,52000
2021-12-24,WD,ПСГ,200,40675,48810
2021-12-27,WD,ПСГ,1,40000,48000
2021-12-28,WD,ПСГ,10,37500,45000
2021-12-29,WD,ГТС,25,36250,43500
2021-12-30,WD,ПСГ,16,31523.44,37828.13
2021-12-30,WD,ГТС,16,33333.33,40000
2021-12-31,WD,ПСГ,1,33333.33,40000
2022-01-05,WD,ПСГ,30,31666.67,38000
2022-01-11,WD,ПСГ,50,30708.33,36850
2022-01-12,WD,ГТС,50,30000,36000
2022-01-13,WD,ПСГ,100,28333.33,34000
2022-01-13,WD,ГТС,50,29000,34800
2022-01-14,WD,ГТС,28,32083.33,38500
2022-01-19,WD,ГТС,400,27965.69,33558.83
2022-01-20,WD,ПСГ,4,29150,34980
2022-01-20,WD,ГТС,800,27511.25,33013.5
2022-01-21,WD,ГТС,710,28245.6,33894.72
2022-01-22,WD,ГТС,825,28409.54,34091.45
2022-01-23,WD,ГТС,750,28532.83,34239.4
2022-01-24,WD,ГТС,244,29037.86,34845.43
2022-01-25,WD,ГТС,700,31842.86,38211.43
2022-01-26,WD,ГТС,700,31353.58,37624.29
2022-01-27,WD,ПСГ,10,31666.67,38000
2022-01-27,WD,ГТС,629,31699.79,38039.75
2022-01-28,WD,ГТС,717,32012.54,38415.05
2022-01-29,WD,ГТС,653,32118.45,38542.14
2022-01-30,WD,ГТС,330,31931.06,38317.27
2022-01-31,WD,ГТС,1225,31031.63,37237.96
2022-02-01,WD,ГТС,721,29054.76,34865.71
2022-02-02,WD,ГТС,2148,27658.5,33190.2
2022-02-03,WD,ГТС,3586,28044.27,33653.12
2022-02-04,WD,ГТС,3454,29077.19,34892.63
2022-02-05,WD,ГТС,2584,29171.03,35005.24
2022-02-06,WD,ГТС,2706,29215.73,35058.87
2022-02-07,WD,ГТС,4366,28774.42,34529.3
2022-02-08,WD,ГТС,4721,28935.62,34722.74
2022-02-09,WD,ГТС,4810,28178.67,33814.4
2022-02-10,WD,ГТС,6835,27584.88,33101.85
2022-02-11,WD,ГТС,5500,27385.23,32862.28
2022-02-12,WD,ГТС,3184,29659.07,35590.88
2022-02-13,WD,ГТС,3770,29802.1,35762.52
2022-02-14,WD,ГТС,3481,29985.3,35982.36
2022-02-15,WD,ПСГ,5,27500,33000
2022-02-15,WD,ГТС,3605,26742.81,32091.37
2022-02-16,WD,ГТС,2100,25076.03,30091.23
2022-02-17,WD,ГТС,2000,26018.58,31222.3
2022-02-18,WD,ГТС,1612,25967.24,31160.69
2022-02-19,WD,ГТС,1500,27589.83,33107.8
2022-02-20,WD,ГТС,1500,27732.67,33279.2
2022-02-21,WD,ГТС,1500,26446.67,31736
2022-02-22,WD,ПСГ,150,27418.33,32902
2022-02-22,WD,ГТС,1480,27824.58,33389.49
2022-02-23,WD,ПСГ,100,29580,35496
2022-02-23,WD,ГТС,1510,30393.38,36472.05
2022-02-24,WD,ГТС,180,33907.41,40688.89
2022-02-25,WD,ГТС,30,32425,38910
2022-02-26,WD,ГТС,30,31250,37500
2022-02-27,WD,ПСГ,90,30157.41,36188.89
2022-02-27,WD,ГТС,20,30500,36600
2022-02-28,WD,ПСГ,100,29166.67,35000
2022-03-02,WD,ГТС,1,43525,52230
2022-03-03,WD,ПСГ,85,28449.71,34139.65
2022-03-03,WD,ГТС,1,61650,73980
2022-03-04,WD,ПСГ,5,28497.5,34197
2022-03-04,WD,ГТС,1,49435,59322
2022-03-09,WD,ПСГ,10,28487.5,34185
2022-03-11,WD,ГТС,6,57437.5,68925
2022-03-12,WD,ПСГ,10,28500,34200
2022-03-12,WD,ГТС,1,49625,59550
2022-03-14,WD,ПСГ,33,28416.67,34100
2022-03-16,WD,ГТС,1,40425,48510
2022-03-18,WD,ГТС,1,35700,42840
2022-03-19,WD,ГТС,1,44083.33,52900
2022-03-21,WD,ГТС,2,30300,36360
2022-03-22,WD,ПСГ,9,25850,31020
2022-03-23,WD,ГТС,1,29125,34950
2022-03-26,WD,ГТС,1,28750,34500
2022-03-30,WD,ГТС,1,27500,33000
2022-04-10,WD,ПСГ,15,23500,28200
2022-04-12,WD,ГТС,10,21916.67,26300
2022-04-16,WD,ГТС,10,21083.33,25300
2022-04-18,WD,ГТС,1,30375,36450
2022-04-19,WD,ГТС,56,21703.87,26044.64
2022-04-22,WD,ГТС,10,21062.5,25275
2022-04-23,WD,ГТС,2,22000,26400
2022-04-25,WD,ГТС,7,21721.43,26065.71
2022-04-27,WD,ГТС,2,20000,24000
2022-04-30,WD,ГТС,6,32784.73,39341.67
2022-05-01,WD,ГТС,3,23416.67,28100
2022-05-02,WD,ГТС,1,24541.67,29450
2022-05-03,WD,ГТС,6,24791.67,29750
2022-05-12,WD,ПСГ,2,24583.33,29500
2022-05-12,WD,ГТС,44,24142.43,28970.91
2022-05-13,WD,ПСГ,5,24583.33,29500
2022-05-13,WD,ГТС,42,24270.53,29124.64
2022-05-14,WD,ГТС,20,24237.5,29085
2022-05-16,WD,ГТС,24,24250,29100
2022-05-17,WD,ГТС,40,24225,29070
2022-05-18,WD,ГТС,40,24250,29100
2022-05-19,WD,ГТС,41,24304.27,29165.12
2022-05-20,WD,ПСГ,5,24250,29100
2022-05-20,WD,ГТС,40,24248.13,29097.75
2022-05-21,WD,ПСГ,40,24225,29070
2022-05-21,WD,ГТС,40,24310.94,29173.13
2022-05-22,WD,ПСГ,7,24250,29100
2022-05-22,WD,ГТС,32,24237.5,29085
2022-05-23,WD,ГТС,69,24247.1,29096.52
2022-05-24,WD,ПСГ,26,24246.93,29096.31
2022-05-24,WD,ГТС,19,24250,29100
2022-05-25,WD,ГТС,50,24248.25,29097.9
2022-05-26,WD,ПСГ,8,24250,29100
2022-05-26,WD,ГТС,20,24250,29100
2022-05-27,WD,ГТС,19,24250,29100
2022-05-28,WD,ГТС,18,24250,29100
2022-05-29,WD,ГТС,18,24250,29100
2022-05-30,WD,ГТС,19,24250,29100
2022-05-31,WD,ПСГ,50,24250,29100
2022-05-31,WD,ГТС,49,24248.47,29098.16
2022-06-01,WD,ГТС,9,24250,29100
2022-06-01,WD,ПСГ,20,24250,29100
2022-06-02,WD,ПСГ,33,24259.09,29110.91
2022-06-02,WD,ГТС,18,24361.11,29233.33
2022-06-03,WD,ГТС,9,24250,29100
2022-06-04,WD,ГТС,7,24282.14,29138.57
2022-06-05,WD,ГТС,12,24263.89,29116.67
2022-06-06,WD,ГТС,5,24250,29100
2022-06-07,WD,ГТС,11,24250,29100
2022-06-08,WD,ПСГ,10,24250,29100
2022-06-08,WD,ГТС,5,24250,29100
2022-06-09,WD,ГТС,6,24250,29100
2022-06-10,WD,ПСГ,15,24166.67,29000
2022-06-10,WD,ГТС,6,24250,29100
2022-06-11,WD,ГТС,3,24250,29100
2022-06-12,WD,ГТС,3,24250,29100
2022-06-13,WD,ГТС,6,24250,29100
2022-06-14,WD,ПСГ,30,24270.83,29125
2022-06-14,WD,ГТС,5,24250,29100
2022-06-15,WD,ПСГ,15,24291.67,29150
2022-06-15,WD,ГТС,5,24250,29100
2022-06-16,WD,ГТС,6,26708.33,32050
2022-06-16,WD,ПСГ,50,24250,29100
2022-06-17,WD,ПСГ,15,24250,29100
2022-06-17,WD,ГТС,6,24263.89,29116.67
2022-06-18,WD,ГТС,3,24250,29100
2022-06-19,WD,ГТС,3,24250,29100
2022-06-20,WD,ГТС,5,24250,29100
2022-06-21,WD,ПСГ,20,24250,29100
2022-06-21,WD,ГТС,5,24250,29100
2022-06-22,WD,ГТС,6,24250,29100
2022-06-23,WD,ПСГ,25,24233.33,29080
2022-06-23,WD,ГТС,5,24250,29100
2022-06-24,WD,ПСГ,25,24166.67,29000
2022-06-24,WD,ГТС,6,24166.67,29000
2022-06-25,WD,ГТС,5,24166.67,29000
2022-06-26,WD,ГТС,3,24166.67,29000
2022-06-27,WD,ПСГ,100,23916.67,28700
2022-06-27,WD,ГТС,5,24166.67,29000
2022-06-28,WD,ГТС,6,24000,28800
2022-06-29,WD,ГТС,5,24000,28800
2022-06-30,WD,ГТС,7,24000,28800
2022-07-02,WD,ГТС,2,24050,28860
2022-07-03,WD,ГТС,2,24000,28800
2022-07-06,WD,ГТС,1,24050,28860
2022-07-07,WD,ГТС,1,24000,28800
2022-07-08,WD,ПСГ,10,23900,28680
2022-07-08,WD,ГТС,1,23900,28680
2022-07-09,WD,ГТС,2,23975,28770
2022-07-11,WD,ГТС,1,23920,28704
2022-07-12,WD,ПСГ,5,23750,28500
2022-07-12,WD,ГТС,1,23750,28500
2022-07-13,WD,ПСГ,20,23750,28500
2022-07-13,WD,ГТС,2,23900,28680
2022-07-15,WD,ГТС,1,23800,28560
2022-07-18,WD,ГТС,1,24000,28800
2022-07-18,WD,ПСГ,20,23700,28440
2022-07-19,WD,ПСГ,40,23700,28440
2022-07-20,WD,ПСГ,20,23700,28440
2022-07-20,WD,ГТС,1,23790,28548
2022-07-21,WD,ПСГ,50,23700,28440
2022-07-22,WD,ПСГ,70,23721.43,28465.72
2022-07-25,WD,ПСГ,335,23802.24,28562.69
2022-07-25,WD,ГТС,7,23785,28542
2022-07-26,WD,ПСГ,5,24250,29100
2022-07-26,WD,ГТС,43,24108.84,28930.61
2022-07-27,WD,ГТС,29,25144.83,30173.8
2022-07-28,WD,ГТС,5,27200,32640
2022-07-29,WD,ГТС,1,29000,34800
2022-08-03,WD,ГТС,5,30000,36000
2022-08-04,WD,ГТС,5,34000,40800
2022-08-05,WD,ГТС,1,37100,44520
2022-08-09,WD,ГТС,1,39000,46800
2022-08-20,WD,ГТС,2,38500,46200
2022-08-22,WD,ГТС,1,36150,43380
2022-08-23,WD,ГТС,1,40000,48000
2022-08-24,WD,ГТС,4,37375,44850
2022-08-25,WD,ГТС,1,40500,48600
2022-08-26,WD,ГТС,4,38062.5,45675
2022-08-27,WD,ГТС,3,38500,46200
2022-09-02,WD,ПСГ,10,39500,47400
2022-09-07,WD,ПСГ,30,39000,46800
2022-09-08,WD,ГТС,1,40300,48360
2022-09-09,WD,ПСГ,5,39000,46800
2022-09-15,WD,ПСГ,13,38496.15,46195.38
2022-09-16,WD,ПСГ,7,38500,46200
2022-09-29,WD,ГТС,1,37000,44400
2022-10-03,WD,ГТС,1,34600,41520
2022-10-07,WD,ГТС,1,33500,40200
2022-10-14,WD,ГТС,1,31000,37200
2022-10-21,WD,ГТС,1,26250,31500
2022-10-28,WD,ГТС,3,21010,25212
2022-11-01,WD,ГТС,1,23500,28200
2022-11-06,WD,ГТС,1,24500,29400
2022-11-07,WD,ГТС,3,22445,26934
2022-11-08,WD,ГТС,6,24750,29700
2022-11-09,WD,ГТС,7,26385.71,31662.85
2022-11-15,WD,ГТС,3,28350,34020
2022-11-17,WD,ГТС,1,27900,33480
2022-11-18,WD,ГТС,2,28490,34188
2022-11-19,WD,ГТС,2,28650,34380
2022-11-20,WD,ГТС,1,28825,34590
2022-11-22,WD,ГТС,1,28450,34140
2022-11-26,WD,ГТС,2,28250,33900
2022-12-02,WD,ГТС,9,27250,32700
2022-12-07,WD,ГТС,5,27100,32520
2022-12-08,WD,ГТС,5,26500,31800
2022-12-09,WD,ГТС,5,26000,31200
2022-12-10,WD,ГТС,3,25900,31080
2022-12-12,WD,ГТС,3,25700,30840
2022-12-13,WD,ГТС,3,25600,30720
2022-12-14,WD,ГТС,3,25250,30300
2022-12-15,WD,ГТС,3,24800,29760
2022-12-16,WD,ГТС,1,24850,29820
2022-12-26,WD,ГТС,1,23500,28200
2023-01-02,WD,ГТС,3,23100,27720
2023-01-04,WD,ГТС,3,22900,27480
2023-01-06,WD,ГТС,5,22300,26760
2023-01-09,WD,ГТС,5,22000,26400
2023-01-10,WD,ГТС,3,22000,26400
2023-01-11,WD,ГТС,3,21750,26100
2023-01-12,WD,ГТС,3,21700,26040
2023-01-13,WD,ГТС,3,21650,25980
2023-01-14,WD,ГТС,3,21700,26040
2023-01-15,WD,ГТС,3,21700,26040
2023-01-16,WD,ГТС,3,21700,26040
2023-01-17,WD,ГТС,3,21600,25920
2023-01-18,WD,ГТС,3,21150,25380
2023-01-19,WD,ГТС,3,21050,25260
2023-01-20,WD,ГТС,3,20900,25080
2023-01-21,WD,ГТС,3,20750,24900
2023-01-22,WD,ГТС,2,20700,24840
2023-01-23,WD,ГТС,2,20750,24900
2023-01-24,WD,ГТС,2,20700,24840
2023-01-25,WD,ГТС,2,20650,24780
2023-01-26,WD,ГТС,2,20250,24300
2023-01-27,WD,ГТС,2,19950,23940
2023-01-28,WD,ГТС,2,19950,23940
2023-01-29,WD,ГТС,1,19950,23940
2023-01-30,WD,ГТС,1,19950,23940
2023-01-31,WD,ГТС,1,19950,23940
2023-02-01,WD,ГТС,3,20100,24120
2023-02-02,WD,ГТС,2,20000,24000
2023-02-03,WD,ГТС,2,19950,23940
2023-02-04,WD,ГТС,2,19950,23940
2023-02-05,WD,ГТС,2,19900,23880
2023-02-06,WD,ГТС,2,19950,23940
2023-02-07,WD,ГТС,2,19850,23820
2023-02-08,WD,ГТС,2,19750,23700
2023-02-09,WD,ГТС,2,19550,23460
2023-02-10,WD,ГТС,2,19400,23280
2023-02-11,WD,ГТС,2,19450,23340
2023-02-12,WD,ГТС,5,19300,23160
2023-02-13,WD,ГТС,2,19600,23520
2023-02-14,WD,ГТС,5,19245,23094
2023-02-15,WD,ГТС,7,19357.14,23228.57
2023-02-16,WD,ГТС,12,19206.67,23048
2023-02-16,WD,ПСГ,7,18416,22099.2
2023-02-17,WD,ГТС,12,19162.5,22995
2023-02-18,WD,ГТС,2,19650,23580
2023-02-19,WD,ГТС,2,19650,23580
2023-02-20,WD,ПСГ,3,18320,21984
2023-02-20,WD,ГТС,2,19750,23700
2023-02-21,WD,ПСГ,15,18350,22020
2023-02-21,WD,ГТС,2,19470,23364
2023-02-22,WD,ГТС,2,19100,22920
2023-02-23,WD,ГТС,22,18647.73,22377.28
2023-02-23,WD,ПСГ,30,18183.33,21820
2023-02-24,WD,ГТС,2,18500,22200
2023-02-27,WD,ГТС,3,18000,21600
2023-02-28,WD,ГТС,24,17800,21360
2023-03-03,WD,ГТС,3,17250,20700
2023-03-03,WD,ПСГ,8,16300,19560
2023-03-04,WD,ГТС,2,17000,20400
2023-03-05,WD,ГТС,2,17000,20400
2023-03-06,WD,ГТС,2,17000,20400
2023-03-08,WD,ГТС,2,16900,20280
2023-03-09,WD,ГТС,2,17000,20400
2023-03-11,WD,ГТС,2,16900,20280
2023-03-14,WD,ГТС,2,16800,20160
2023-03-15,WD,ГТС,3,16680,20016
2023-03-17,WD,ГТС,1,16600,19920
2023-03-19,WD,ГТС,2,16550,19860
2023-03-21,WD,ГТС,2,16350,19620
2023-03-23,WD,ГТС,2,16100,19320
2023-03-24,WD,ГТС,3,15866.67,19040
2023-03-27,WD,ГТС,1,15350,18420
2023-03-29,WD,ГТС,1,15150,18180
2023-03-31,WD,ГТС,1,15150,18180
2023-04-02,WD,ГТС,1,15000,18000
2023-04-03,WD,ГТС,1,11250,13500
2023-04-04,WD,ГТС,27,11409.26,13691.11
2023-04-05,WD,ГТС,1,14600,17520
2023-04-07,WD,ГТС,1,14500,17400
2023-04-08,WD,ГТС,1,14250,17100
2023-04-09,WD,ГТС,1,14000,16800
2023-04-10,WD,ГТС,1,13250,15900
2023-04-11,WD,ГТС,1,12500,15000
2023-04-12,WD,ГТС,1,11600,13920
2023-04-13,WD,ГТС,1,11150,13380
2023-04-14,WD,ГТС,1,11000,13200
2023-04-15,WD,ГТС,2,10500,12600
2023-04-18,WD,ГТС,2,11100,13320
2023-05-02,WD,ГТС,1,10667,12800.4
2023-05-04,WD,ГТС,3,10700,12840
2023-05-05,WD,ГТС,3,10600,12720
2023-05-06,WD,ГТС,2,10500,12600
2023-05-08,WD,ГТС,1,10400,12480
2023-05-17,WD,ГТС,3,10350,12420
2023-05-24,WD,ГТС,4,10455.75,12546.9
2023-05-27,WD,ГТС,1,10450,12540
2023-05-30,WD,ГТС,15,10663.33,12796
2023-05-31,WD,ГТС,2,10450,12540
2023-06-07,WD,ГТС,8,10672.5,12807
2023-06-12,WD,ГТС,2,10701,12841.2
2023-06-13,WD,ГТС,24,10700,12840
2023-06-14,WD,ГТС,18,10700,12840
2023-06-16,WD,ГТС,2,10600,12720
2023-06-19,WD,ГТС,5,10700,12840
2023-06-20,WD,ГТС,5,10700,12840
2023-06-21,WD,ГТС,9,10700,12840
2023-06-22,WD,ГТС,12,10770,12924
2023-06-23,WD,ГТС,8,10770,12924
2023-06-26,WD,ГТС,4,10760,12912
2023-06-28,WD,ГТС,2,10800,12960
2023-07-07,WD,ГТС,3,11100,13320
2023-07-10,WD,ГТС,8,11606.25,13927.5
2023-07-19,WD,ГТС,3,11400,13680
2023-07-25,WD,ГТС,5,11400,13680
2023-07-27,WD,ГТС,10,11700,14040
2023-07-28,WD,ПСГ,6,12125,14550
2023-08-02,WD,ГТС,8,12340.62,14808.74
2023-08-03,WD,ГТС,9,12401.67,14882
2023-08-04,WD,ГТС,4,12610,15132
2023-08-07,WD,ГТС,2,12800,15360
2023-08-10,WD,ГТС,2,13650,16380
2023-08-15,WD,ПСГ,105,15295.24,18354.29
2023-08-16,WD,ГТС,3,14200,17040
2023-08-17,WD,ПСГ,10,15500,18600
2023-08-18,WD,ПСГ,8,15350,18420
2023-08-18,WD,ГТС,3,14600,17520
2023-08-21,WD,ГТС,3,15000,18000
2023-08-22,WD,ПСГ,10,15837.5,19005
2023-08-22,WD,ГТС,3,15500,18600
2023-08-31,WD,ПСГ,10,16000,19200
2023-09-01,WD,ГТС,1,15800,18960
2023-09-12,WD,ГТС,3,16000,19200
2023-09-15,WD,ПСГ,110,15000,18000
2023-09-15,WD,ГТС,3,15600,18720
2023-09-20,WD,ГТС,3,15150,18180
2023-10-05,WD,ГТС,3,15100,18120
2023-10-09,WD,ГТС,3,15000,18000
2023-10-17,WD,ПСГ,90,14800,17760
2023-10-20,WD,ГТС,3,14900,17880
2023-10-24,WD,ГТС,3,14750,17700
2023-10-27,WD,ГТС,2,14500,17400
2023-10-31,WD,ПСГ,3,14250,17100
2023-11-01,WD,ГТС,2,14250,17100
2023-11-06,WD,ГТС,2,14100,16920
2023-11-09,WD,ГТС,2,13900,16680
2023-11-18,WD,ГТС,2,13800,16560
2023-11-21,WD,ПСГ,20,13800,16560
2023-11-21,WD,ГТС,3,13700,16440
2023-11-22,WD,ГТС,3,13450,16140
2023-11-24,WD,ГТС,3,13350,16020
2023-11-26,WD,ГТС,3,13250,15900
2023-11-28,WD,ГТС,2,13150,15780
2023-12-05,WD,ГТС,2,13100,15720
2023-12-07,WD,ГТС,2,13150,15780
2023-12-08,WD,ГТС,2,13250,15900
2023-12-09,WD,ГТС,2,13400,16080
2023-12-16,WD,ГТС,3,13300,15960
2023-12-27,WD,ГТС,3,13150,15780
2023-12-28,WD,ГТС,2,13100,15720
2023-12-29,WD,ПСГ,12,13000,15600
2023-12-29,WD,ГТС,2,13000,15600
2024-01-01,WD,ГТС,2,12940,15528
2024-01-02,WD,ГТС,2,12840,15408
2024-01-03,WD,ГТС,3,12510,15012
2024-01-04,WD,ГТС,2,12270,14724
2024-01-05,WD,ПСГ,20,12500,15000
2024-01-09,WD,ГТС,3,12270,14724
2024-01-09,WD,ПСГ,3,12600,15120
2024-01-11,WD,ГТС,1,12330,14796
2024-01-11,WD,ПСГ,40,12580,15096
2024-01-12,WD,ГТС,2,12222,14666.4
2024-01-14,WD,ГТС,2,12420,14904
2024-01-15,WD,ГТС,2,12340,14808
2024-01-16,WD,ГТС,1,12270,14724
2024-01-16,WD,ПСГ,20,12400,14880
2024-01-17,WD,ГТС,1,12265,14718
2024-01-19,WD,ГТС,2,12185,14622
2024-01-22,WD,ГТС,1,12050,14460
2024-01-23,WD,ГТС,2,12000,14400
2024-01-23,WD,ПСГ,34,12042,14450.4
2024-01-24,WD,ГТС,1,11960,14352
2024-01-25,WD,ПСГ,31,12042,14450.4
2024-01-26,WD,ГТС,9,11839.89,14207.87
2024-01-27,WD,ГТС,5,11848,14217.6
2024-01-28,WD,ГТС,4,11860,14232
2024-01-29,WD,ГТС,5,11780,14136
2024-01-30,WD,ГТС,4,11787.5,14145
2024-01-31,WD,ГТС,1,11700,14040
2024-01-31,WD,ПСГ,14,12083,14499.6
2024-02-02,WD,ПСГ,17,12000,14400
2024-02-03,WD,ГТС,3,11725,14070
2024-02-04,WD,ГТС,3,11760,14112
2024-02-05,WD,ПСГ,31,11983.87,14380.64
2024-02-07,WD,ГТС,2,11750,14100
2024-02-08,WD,ГТС,3,11700,14040
2024-02-08,WD,ПСГ,25,12000,14400
2024-02-12,WD,ГТС,2,11730,14076
2024-02-13,WD,ГТС,2,11710,14052
2024-02-13,WD,ПСГ,40,11950,14340
2024-02-14,WD,ГТС,2,11660,13992
2024-02-15,WD,ПСГ,21,11950,14340
2024-02-20,WD,ГТС,3,11610,13932
2024-02-21,WD,ПСГ,21,11750,14100
2024-02-22,WD,ГТС,3,11600,13920
2024-02-22,WD,ПСГ,10,11750,14100
2024-02-26,WD,ГТС,3,11580,13896
2024-02-27,WD,ПСГ,22,11500,13800
2024-02-29,WD,ГТС,3,11250,13500
2024-03-01,WD,ПСГ,1,11000,13200
2024-03-01,WD,ГТС,15,11125,13350
2024-03-13,WD,ПСГ,22,11292,13550.4
2024-03-25,WD,ПСГ,1,11160,13392
2024-03-25,WD,ГТС,5,11200,13440
2024-03-26,WD,ГТС,5,11180,13416
2024-03-27,WD,ПСГ,10,11000,13200
2024-03-28,WD,ГТС,2,11125,13350
2024-03-29,WD,ПСГ,3,11220,13464
2024-03-29,WD,ГТС,3,11300,13560
2024-03-30,WD,ГТС,3,11360,13632
2024-04-01,WD,ГТС,39,11360,13632
2024-04-02,WD,ГТС,39,11360,13632
2024-04-03,WD,ГТС,40,11360,13632
2024-04-04,WD,ГТС,40,11360,13632
2024-04-05,WD,ГТС,60,11360,13632
2024-04-06,WD,ГТС,40,11360,13632
2024-04-07,WD,ГТС,40,11360,13632
2024-04-08,WD,ГТС,40,11360,13632
2024-04-09,WD,ГТС,40,11360,13632
2024-04-10,WD,ГТС,40,11360,13632
2024-04-11,WD,ГТС,40,11360,13632
2024-04-12,WD,ГТС,35,11360,13632
2024-04-13,WD,ГТС,35,11360,13632
2024-04-13,WD,ПСГ,40,11500,13800
2024-04-14,WD,ГТС,35,11360,13632
2024-04-15,WD,ГТС,35,11360,13632
2024-04-16,WD,ГТС,38,11399.47,13679.36
2024-04-17,WD,ГТС,35,11860,14232
2024-04-18,WD,ГТС,40,11958.75,14350.5
2024-04-19,WD,ГТС,35,12650,15180
2024-04-20,WD,ГТС,40,12706.25,15247.5
2024-04-21,WD,ГТС,35,13100,15720
2024-04-24,WD,ГТС,35,13100,15720
2024-04-25,WD,ГТС,135,13174.07,15808.88
2024-04-26,WD,ГТС,135,13230.31,15876.37
2024-04-27,WD,ГТС,35,13230.31,15876.37
2024-04-28,WD,ГТС,35,13230.31,15876.37
2024-04-30,WD,ГТС,3,13230.31,15876.37
2024-04-30,WD,ПСГ,2,13000,15600
2024-05-01,WD,ПСГ,6,12750,15300
2024-05-09,WD,ГТС,2,13080,15696
2024-05-10,WD,ГТС,2,12980,15576
2024-05-13,WD,ГТС,3,12750,15300
2024-05-15,WD,ПСГ,2,12750,15300
2024-05-15,WD,ГТС,1,12730,15276
2024-05-17,WD,ПСГ,5,12600,15120
2024-05-20,WD,ГТС,3,12500,15000
2024-05-30,WD,ПСГ,50,12416.66,14899.99
2024-05-31,WD,ПСГ,50,12417,14900.4
2024-06-03,WD,ГТС,1,12350,14820
2024-06-04,WD,ГТС,28,12350,14820
2024-06-05,WD,ГТС,32,12350,14820
2024-06-06,WD,ГТС,28,12350,14820
2024-06-07,WD,ГТС,28,12350,14820
2024-06-08,WD,ГТС,33,12357.58,14829.1
2024-06-09,WD,ГТС,33,12364.01,14836.81
2024-06-10,WD,ГТС,37,12359.25,14831.1
2024-06-11,WD,ГТС,30,12355.3,14826.36
2024-06-12,WD,ГТС,46,12333.66,14800.39
2024-06-13,WD,ГТС,38,12369.75,14843.7
2024-06-14,WD,ГТС,28,12369.75,14843.7
2024-06-14,WD,ПСГ,12,12600,15120
2024-06-15,WD,ГТС,28,12380.55,14856.66
2024-06-15,WD,ПСГ,18,12500,15000
2024-06-16,WD,ГТС,29,12382.76,14859.31
2024-06-17,WD,ГТС,28,12385.7,14862.84
2024-06-18,WD,ГТС,28,12448.62,14938.34
2024-06-19,WD,ГТС,62,12593.16,15111.79
2024-06-19,WD,ПСГ,25,12800,15360
2024-06-20,WD,ГТС,26,12800.42,15360.5
2024-06-21,WD,ГТС,28,12801.64,15361.97
2024-06-22,WD,ГТС,23,12802,15362.4
2024-06-23,WD,ГТС,23,12802,15362.4
2024-06-24,WD,ГТС,23,12802.09,15362.51
2024-06-25,WD,ГТС,23,12802.09,15362.51
2024-06-26,WD,ГТС,23,12804,15364.8
2024-06-27,WD,ГТС,23,12804,15364.8
2024-06-28,WD,ГТС,28,12812.21,15374.65
2024-06-28,WD,ПСГ,95,13075,15690
2024-06-29,WD,ГТС,23,12812.21,15374.65
2024-06-30,WD,ГТС,13,12812.21,15374.65
2024-07-01,WD,ГТС,27,12829.82,15395.78
2024-07-02,WD,ГТС,25,12831.45,15397.74
2024-07-03,WD,ГТС,25,12832.12,15398.54
2024-07-04,WD,ГТС,25,12832.13,15398.56
2024-07-05,WD,ГТС,27,12828.27,15393.92
2024-07-06,WD,ГТС,25,12828.27,15393.92
2024-07-07,WD,ГТС,25,12828.27,15393.92
2024-07-08,WD,ГТС,25,12828.27,15393.92
2024-07-09,WD,ГТС,25,12828.27,15393.92
2024-07-10,WD,ГТС,25,12828.27,15393.92
2024-07-11,WD,ГТС,25,12828.27,15393.92
2024-07-12,WD,ГТС,25,12828.27,15393.92
2024-07-13,WD,ГТС,25,12828.27,15393.92
2024-07-14,WD,ГТС,25,12901.31,15481.57
2024-07-15,WD,ГТС,25,12901.31,15481.57
2024-07-16,WD,ГТС,25,12901.31,15481.57
2024-07-17,WD,ГТС,28,12908.36,15490.03
2024-07-18,WD,ГТС,25,12908.36,15490.03
2024-07-19,WD,ГТС,27,12904.04,15484.85
2024-07-20,WD,ГТС,25,12904.04,15484.85
2024-07-21,WD,ГТС,25,12904.04,15484.85
2024-07-22,WD,ГТС,25,12904.04,15484.85
2024-07-23,WD,ГТС,27,12908.19,15489.83
2024-07-24,WD,ГТС,27,12912.03,15494.44
2024-07-24,WD,ПСГ,60,13025,15630
2024-07-25,WD,ГТС,26,12920.6,15504.72
2024-07-25,WD,ПСГ,44,13025,15630
2024-07-26,WD,ГТС,28,12959.04,15550.85
2024-07-26,WD,ПСГ,8,13100,15720
2024-07-27,WD,ГТС,23,12955.11,15546.13
2024-07-28,WD,ГТС,22,12955.11,15546.13
2024-07-29,WD,ГТС,22,12955.11,15546.13
2024-07-30,WD,ГТС,85,12955.11,15546.13
2024-07-31,WD,ГТС,91,12955.1,15546.12
2024-07-31,WD,ПСГ,50,13166.67,15800
2024-08-01,WD,ГТС,23,12955.1,15546.12
2024-08-02,WD,ГТС,28,12985.44,15582.53
2024-08-02,WD,ПСГ,5,13208.35,15850.02
2024-08-03,WD,ГТС,26,13003.85,15604.62
2024-08-04,WD,ГТС,27,13027.97,15633.56
2024-08-05,WD,ГТС,23,13027.97,15633.56
2024-08-06,WD,ГТС,25,13041.73,15650.08
2024-08-07,WD,ГТС,24,13052.5,15663
2024-08-08,WD,ГТС,27,13089.17,15707
2024-08-09,WD,ГТС,133,13263.55,15916.26
2024-08-09,WD,ПСГ,246,13626.69,16352.03
2024-08-10,WD,ГТС,23,13263.55,15916.26
2024-08-10,WD,ПСГ,100,13550,16260
2024-08-11,WD,ПСГ,25,13600,16320
2024-08-12,WD,ГТС,23,13263.55,15916.26
2024-08-13,WD,ГТС,33,13566.09,16279.31
2024-08-13,WD,ПСГ,50,14500,17400
2024-08-14,WD,ГТС,26,14263.46,17116.15
2024-08-15,WD,ГТС,4,14263.46,17116.15
2024-08-16,WD,ГТС,4,14263.46,17116.15
2024-08-17,WD,ГТС,3,14263.46,17116.15
2024-08-20,WD,ГТС,3,14263.46,17116.15
2024-08-21,WD,ГТС,2,14263.46,17116.15
2024-08-22,WD,ГТС,20,14263.46,17116.15
2024-08-23,WD,ГТС,19,14263.46,17116.15
2024-08-24,WD,ГТС,2,14263.46,17116.15
2024-09-03,WD,ПСГ,50,14333.33,17200
2024-09-03,WD,ГТС,23,14263.46,17116.15
2024-09-04,WD,ГТС,23,14263.46,17116.15
2024-09-05,WD,ГТС,23,14263.46,17116.15
2024-09-06,WD,ГТС,39,14191.96,17030.35
2024-09-06,WD,ПСГ,2,14100,16920
2024-09-08,WD,ГТС,10,14330,17196
2024-09-11,WD,ГТС,23,14200,17040
2024-09-11,WD,ПСГ,5,14200,17040
2024-09-12,WD,ГТС,3,14200,17040
2024-09-13,WD,ГТС,26,14205.77,17046.92
2024-09-14,WD,ГТС,23,14205.77,17046.92
2024-09-15,WD,ГТС,11,14200.52,17040.62
2024-09-16,WD,ГТС,253,14237.79,17085.35
2024-09-17,WD,ГТС,258,14244.69,17093.63
2024-09-18,WD,ГТС,158,14259.35,17111.22
2024-09-19,WD,ГТС,113,14289.23,17147.08
2024-09-20,WD,ГТС,224,14351.23,17221.48
2024-09-21,WD,ГТС,123,14381.75,17258.1
2024-09-22,WD,ГТС,36,14390,17268
2024-09-23,WD,ГТС,71,14467.46,17360.95
2024-09-24,WD,ГТС,160,14461.1,17353.32
2024-09-25,WD,ГТС,196,14457.94,17349.53
2024-09-25,WD,ПСГ,25,14375,17250
2024-09-26,WD,ГТС,152,14457.87,17349.44
2024-09-27,WD,ГТС,225,14465,17358
2024-09-28,WD,ГТС,137,14465,17358
2024-09-29,WD,ГТС,30,14465,17358
2024-09-30,WD,ГТС,530,14470.01,17364.01
2024-10-01,WD,ГТС,184,14480,17376
2024-10-02,WD,ГТС,170,14481.53,17377.84
2024-10-03,WD,ГТС,175,14485.72,17382.86
2024-10-04,WD,ГТС,185,14487,17384.4
2024-10-05,WD,ГТС,170,14485.24,17382.29
2024-10-06,WD,ГТС,188,14480.08,17376.1
2024-10-07,WD,ГТС,45,14480.08,17376.1
2024-10-08,WD,ГТС,37,14481,17377.2
2024-10-09,WD,ГТС,37,14505.95,17407.14
2024-10-09,WD,ПСГ,70,14550,17460
2024-10-10,WD,ГТС,37,14531.08,17437.3
2024-10-10,WD,ПСГ,50,14550,17460
2024-10-11,WD,ГТС,38,14550,17460
2024-10-12,WD,ГТС,38,14573.68,17488.42
2024-10-13,WD,ГТС,38,14600,17520
2024-10-14,WD,ГТС,57,14701.4,17641.68
2024-10-14,WD,ПСГ,20,14650,17580
2024-10-15,WD,ГТС,100,14750,17700
2024-10-16,WD,ГТС,30,14756.67,17708
2024-10-17,WD,ГТС,90,14838.89,17806.67
2024-10-18,WD,ГТС,30,14933.33,17920
2024-10-19,WD,ГТС,30,14950,17940
2024-10-20,WD,ГТС,30,14950,17940
2024-10-21,WD,ГТС,31,14985.65,17982.78
2024-10-22,WD,ГТС,31,15008.48,18010.18
2024-10-23,WD,ГТС,68,15050,18060
2024-10-24,WD,ГТС,134,15050,18060
2024-10-25,WD,ГТС,170,15050,18060
2024-10-26,WD,ГТС,55,15050,18060
2024-10-27,WD,ГТС,35,15050,18060
2024-10-28,WD,ГТС,80,15050,18060
2024-10-28,WD,ПСГ,4,15000,18000
2024-10-29,WD,ГТС,150,15050,18060
2024-10-30,WD,ГТС,34,15036.76,18044.11
2024-10-30,WD,ПСГ,8,14965,17958
2024-10-31,WD,ГТС,260,15035.74,18042.89
2024-11-01,WD,ГТС,170,14986.56,17983.87
2024-11-02,WD,ГТС,150,14970,17964
2024-11-04,WD,ГТС,40,14960,17952
2024-11-05,WD,ГТС,7,14955,17946
2024-11-10,WD,ГТС,5,14860,17832
2024-11-12,WD,ГТС,168,14773.81,17728.57
2024-11-13,WD,ГТС,160,14706.1,17647.32
2024-11-14,WD,ГТС,20,14650,17580
2024-11-16,WD,ГТС,4,14650,17580
2024-11-19,WD,ГТС,1,14300,17160
2024-11-19,WD,ПСГ,20,14750,17700
2024-11-20,WD,ГТС,20,14312.5,17175
2024-11-21,WD,ГТС,20,14312.5,17175
2024-11-22,WD,ГТС,20,14320,17184
2024-11-23,WD,ГТС,20,14500,17400
2024-11-24,WD,ГТС,20,14625,17550
2024-11-25,WD,ГТС,20,14625,17550
2024-11-26,WD,ГТС,28,14835.71,17802.85
2024-11-27,WD,ГТС,80,15250,18300
2024-11-28,WD,ГТС,55,15250,18300
2024-11-29,WD,ГТС,110,15250,18300
2024-11-30,WD,ГТС,45,15250,18300
2024-12-01,WD,ГТС,22,15250,18300
2024-12-02,WD,ГТС,20,15250,18300
2024-12-03,WD,ГТС,20,15250,18300
2024-12-04,WD,ГТС,20,15401,18481.2
2024-12-05,WD,ГТС,20,15451,18541.2
2024-12-06,WD,ГТС,20,15507,18608.4
2024-12-06,WD,ПСГ,2,16100,19320
2024-12-07,WD,ГТС,15,15605,18726
2024-12-08,WD,ГТС,15,15480,18576
2024-12-09,WD,ГТС,15,15606,18727.2
2024-12-10,WD,ГТС,15,15626,18751.2
2024-12-11,WD,ГТС,15,15401,18481.2
2024-12-12,WD,ГТС,115,16195.65,19434.78
2024-12-13,WD,ГТС,15,16303,19563.6
2024-12-14,WD,ГТС,17,16314.41,19577.29
2024-12-15,WD,ГТС,17,16500,19800
2024-12-16,WD,ГТС,317,16500,19800
2024-12-17,WD,ГТС,458,16500,19800
2024-12-18,WD,ГТС,715,16500,19800
2024-12-19,WD,ГТС,1015,16500,19800
2024-12-20,WD,ГТС,1000,16500,19800
2024-12-21,WD,ГТС,1000,16500,19800
2024-12-22,WD,ГТС,1000,16500,19800
2024-12-23,WD,ГТС,1000,16500,19800
2024-12-24,WD,ГТС,50,16640,19968
2024-12-25,WD,ГТС,25,16700,20040
2025-01-08,WD,ГТС,18,16800,20160
2025-01-10,WD,ГТС,40,16855,20226
2025-01-21,WD,ПСГ,1,16300,19560
2025-01-24,WD,ГТС,118,16935.51,20322.61
2025-01-25,WD,ГТС,288,17028.78,20434.54
2025-01-28,WD,ГТС,1348,17102.76,20523.31
2025-01-31,WD,ГТС,20,16799,20158.8
2025-02-03,WD,ГТС,1,16500,19800
2025-02-11,WD,ГТС,45,17000,20400
2025-02-11,WD,ПСГ,21,16666.67,20000
2025-02-12,WD,ГТС,43,17500,21000
2025-02-12,WD,ПСГ,20,17000,20400
2025-02-13,WD,ГТС,18,18000,21600
2025-02-13,WD,ПСГ,350,17497.14,20996.57
2025-02-14,WD,ГТС,10,18000,21600
2025-02-14,WD,ПСГ,30,17066.67,20480
2025-02-15,WD,ГТС,18,18000,21600
2025-02-17,WD,ГТС,18,18000,21600
2025-02-17,WD,ПСГ,308,17409.61,20891.53
2025-02-18,WD,ГТС,48,18000,21600
2025-02-18,WD,ПСГ,150,17450,20940
2025-02-20,WD,ГТС,5,17800,21360
2025-02-20,WD,ПСГ,50,17250,20700
2025-02-24,WD,ГТС,1,17500,21000
2025-02-27,WD,ГТС,10,17010,20412
2025-03-05,WD,ГТС,10,16800,20160
2025-03-10,WD,ПСГ,70,16083.35,19300.02
2025-03-10,WD,ГТС,10,16500,19800
2025-03-13,WD,ГТС,30,16466.67,19760
2025-03-14,WD,ГТС,30,16377.78,19653.34
2025-03-17,WD,ГТС,30,16218.52,19462.22
2025-03-18,WD,ГТС,20,16218.52,19462.22
2025-03-19,WD,ГТС,30,16012.35,19214.82
2025-03-20,WD,ГТС,20,16012.35,19214.82
2025-03-21,WD,ГТС,15,15750,18900
2025-03-26,WD,ГТС,10,14750,17700
2025-04-01,WD,ГТС,8,14843.75,17812.5
2025-04-02,WD,ГТС,21,14875,17850
2025-04-03,WD,ГТС,12,14917.08,17900.5
2025-04-04,WD,ГТС,22,14970.07,17964.08
2025-04-05,WD,ГТС,20,14970.07,17964.08
2025-04-06,WD,ГТС,20,14970.07,17964.08
2025-04-07,WD,ГТС,20,14970.07,17964.08
2025-04-08,WD,ГТС,20,14970.07,17964.08
2025-04-09,WD,ГТС,22,15027.34,18032.81
2025-04-10,WD,ГТС,20,15027.34,18032.81
2025-04-11,WD,ГТС,20,15027.34,18032.81
2025-04-12,WD,ГТС,20,15044.34,18053.21
2025-04-13,WD,ГТС,20,15044.34,18053.21
2025-04-14,WD,ГТС,21,15092.86,18111.43
2025-04-15,WD,ГТС,21,15121.77,18146.12
2025-04-16,WD,ГТС,20,15121.77,18146.12
2025-04-17,WD,ГТС,20,15125,18150
2025-04-18,WD,ГТС,20,15130.5,18156.6
2025-04-19,WD,ГТС,20,15135,18162
2025-04-20,WD,ГТС,20,15135,18162
2025-04-21,WD,ГТС,20,15135,18162
2025-04-22,WD,ГТС,20,15140,18168
2025-04-23,WD,ГТС,20,15140,18168
2025-04-24,WD,ГТС,35,15146.86,18176.23
2025-04-25,WD,ГТС,20,15164.09,18196.91
2025-04-26,WD,ГТС,20,15171.01,18205.21
2025-04-27,WD,ГТС,20,15204.3,18245.16
2025-04-28,WD,ГТС,20,15335,18402
2025-04-29,WD,ГТС,90,15249,18298.8
2025-04-30,WD,ГТС,66,15274.32,18329.18
2025-05-01,WD,ГТС,20,15150,18180
2025-05-02,WD,ГТС,20,15161,18193.2
2025-05-03,WD,ГТС,21,15147.62,18177.14
2025-05-04,WD,ГТС,20,15100,18120
2025-05-05,WD,ГТС,20,15161,18193.2
2025-05-06,WD,ГТС,20,15135,18162
2025-05-07,WD,ГТС,20,15186,18223.2
2025-05-08,WD,ГТС,21,15242.86,18291.43
2025-05-09,WD,ГТС,20,15420,18504
2025-05-10,WD,ГТС,20,15700,18840
2025-05-11,WD,ГТС,61,15356.75,18428.1
2025-05-12,WD,ГТС,20,15800,18960
2025-05-13,WD,ГТС,20,15915,19098
2025-05-14,WD,ГТС,20,15350.2,18420.24
2025-05-15,WD,ГТС,20,16501,19801.2
2025-05-16,WD,ГТС,20,16630,19956
2025-05-17,WD,ГТС,20,16700,20040
2025-05-18,WD,ГТС,20,16792,20150.4
2025-05-19,WD,ГТС,20,16845,20214
2025-05-20,WD,ГТС,20,16874.7,20249.64
2025-05-21,WD,ГТС,20,17020,20424
2025-05-21,WD,ПСГ,190,17800,21360
2025-05-22,WD,ГТС,20,17120.04,20544.05
2025-05-22,WD,ПСГ,80,17840,21408
2025-05-23,WD,ГТС,21,17395.24,20874.29
2025-05-24,WD,ГТС,20,17600,21120
2025-05-25,WD,ГТС,20,17900.1,21480.12
2025-05-26,WD,ГТС,20,18056,21667.2
2025-05-27,WD,ГТС,20,18500,22200
2025-05-28,WD,ГТС,20,18870,22644
2025-05-29,WD,ГТС,21,19119.05,22942.86
2025-05-30,WD,ГТС,6,19300,23160
2025-05-31,WD,ГТС,2,19500,23400
2025-06-01,WD,ГТС,25,19630,23556
2025-06-02,WD,ГТС,26,19683.46,23620.15
2025-06-03,WD,ГТС,25,20001,24001.2
2025-06-04,WD,ГТС,45,20055.56,24066.67
2025-06-05,WD,ГТС,50,20130.8,24156.96
2025-06-06,WD,ГТС,50,20300,24360
2025-06-07,WD,ГТС,25,20370,24444
2025-06-08,WD,ГТС,25,20520,24624
2025-06-09,WD,ГТС,25,20868,25041.6
2025-06-10,WD,ГТС,25,21302,25562.4
2025-06-11,WD,ГТС,25,21601,25921.2
2025-06-12,WD,ГТС,25,21805,26166
2025-06-13,WD,ГТС,25,22100,26520
2025-06-14,WD,ГТС,25,22380,26856
2025-06-15,WD,ГТС,25,22501,27001.2
2025-06-16,WD,ГТС,25,22690,27228
2025-06-17,WD,ГТС,25,22805,27366
2025-06-18,WD,ГТС,25,23070,27684
2025-06-19,WD,ГТС,26,23509.62,28211.54
2025-06-20,WD,ГТС,25,24100,28920
2025-06-21,WD,ГТС,25,24310,29172
2025-06-22,WD,ГТС,25,25100.96,30121.15
2025-06-23,WD,ГТС,25,25135,30162
2025-06-24,WD,ГТС,50,25240,30288
2025-06-25,WD,ГТС,1,23100,27720
2025-06-27,WD,ГТС,1,22100,26520
2025-06-28,WD,ГТС,1,21500,25800
2025-07-01,WD,ГТС,26,21480.77,25776.92
2025-07-02,WD,ГТС,25,21480.77,25776.92
2025-07-03,WD,ГТС,25,21700,26040
2025-07-04,WD,ГТС,26,21704.81,26045.77
2025-07-05,WD,ГТС,5,21200,25440
2025-07-06,WD,ГТС,25,21200,25440
2025-07-07,WD,ГТС,25,21200,25440
2025-07-08,WD,ГТС,31,21212.1,25454.52
2025-07-09,WD,ГТС,25,21070,25284
2025-07-10,WD,ГТС,25,21101,25321.2
2025-07-11,WD,ГТС,25,21050,25260
2025-07-12,WD,ГТС,25,21050,25260
2025-07-13,WD,ГТС,25,21050,25260
2025-07-14,WD,ГТС,25,21055,25266
2025-07-15,WD,ГТС,25,21161,25393.2
2025-07-16,WD,ГТС,25,21221,25465.2
2025-07-17,WD,ГТС,25,25540.2,30648.24
2025-07-18,WD,ГТС,25,21200,25440
2025-07-19,WD,ГТС,25,21050,25260
2025-07-20,WD,ГТС,25,21050,25260
2025-07-21,WD,ГТС,25,21050,25260
2025-07-23,WD,ГТС,1,20800,24960
2025-08-13,WD,ГТС,1,20450,24540
2025-08-14,WD,ГТС,1,20200,24240
2025-08-20,WD,ГТС,1,18700,22440
2025-08-22,WD,ГТС,15,18500,22200
2025-08-23,WD,ГТС,25,18500,22200
2025-08-24,WD,ГТС,25,18500,22200
2025-08-25,WD,ГТС,25,18500,22200
2025-08-26,WD,ГТС,25,18500,22200
2025-08-27,WD,ГТС,36,18652.78,22383.34
2025-08-28,WD,ГТС,25,19000,22800
2025-08-29,WD,ГТС,50,19009.6,22811.52
2025-08-30,WD,ГТС,70,19009.6,22811.52
2025-08-31,WD,ГТС,70,19016.8,22820.16
2025-09-01,WD,ГТС,25,19016.8,22820.16
2025-09-02,WD,ГТС,25,19016.8,22820.16
2025-09-03,WD,ГТС,25,19065,22878
2025-09-04,WD,ГТС,75,19128,22953.6
2025-09-05,WD,ГТС,75,19178.33,23014
2025-09-06,WD,ГТС,25,19330,23196
2025-09-07,WD,ГТС,25,19417,23300.4
2025-09-08,WD,ГТС,54,19474.31,23369.17
2025-09-09,WD,ГТС,25,19477,23372.4
2025-09-10,WD,ГТС,75,19641.67,23570
2025-09-11,WD,ГТС,25,19710,23652
2025-09-12,WD,ГТС,47,19710,23652
2025-09-13,WD,ГТС,25,19712,23654.4
2025-09-14,WD,ГТС,25,19712,23654.4
2025-09-15,WD,ГТС,47,19715.74,23658.89
2025-09-16,WD,ГТС,52,19700.93,23641.12
2025-09-17,WD,ГТС,46,19596.84,23516.21
2025-09-18,WD,ГТС,30,19614.03,23536.84
2025-09-19,WD,ГТС,98,19558.17,23469.8
2025-09-20,WD,ГТС,60,19561.74,23474.09
2025-09-21,WD,ГТС,25,19561.74,23474.09
2025-09-22,WD,ГТС,68,19507.26,23408.71
2025-09-23,WD,ГТС,72,19541.41,23449.69
2025-09-24,WD,ГТС,148,19547.1,23456.52
2025-09-25,WD,ГТС,248,19487.41,23384.89
2025-09-26,WD,ГТС,256,19525.45,23430.54
2025-09-27,WD,ГТС,261,19554.69,23465.63
2025-09-28,WD,ГТС,286,19527.49,23432.99
2025-09-29,WD,ГТС,373,19528.45,23434.14
2025-09-29,WD,ПСГ,2,20100,24120
2025-09-30,WD,ГТС,409,19370.75,23244.9
2025-10-01,WD,ГТС,32,19311.05,23173.26
2025-10-02,WD,ГТС,125,19254.88,23105.86
2025-10-03,WD,ГТС,193,19367.34,23240.81
2025-10-04,WD,ГТС,141,19314.12,23176.94
2025-10-05,WD,ГТС,50,19301.3,23161.56
2025-10-06,WD,ГТС,234,19264.7,23117.64
2025-10-07,WD,ГТС,830,19394.61,23273.53
2025-10-08,WD,ГТС,591,19659.44,23591.33
2025-10-09,WD,ГТС,530,19706.45,23647.74
2025-10-10,WD,ГТС,30,19751,23701.2
2025-10-11,WD,ГТС,30,19811,23773.2
2025-10-12,WD,ГТС,30,19872,23846.4
2025-10-13,WD,ГТС,30,19923,23907.6
2025-10-14,WD,ГТС,83,20015.54,24018.65
2025-10-15,WD,ГТС,352,20009.06,24010.87
2025-10-16,WD,ГТС,30,20062,24074.4
2025-10-17,WD,ГТС,30,20185.67,24222.8
2025-10-18,WD,ГТС,30,21007,25208.4
2025-10-19,WD,ГТС,30,21135,25362
2025-10-20,WD,ГТС,30,21301,25561.2
2025-10-20,WD,ПСГ,50,21334,25600.8
2025-10-21,WD,ГТС,30,21666.67,26000
2025-10-22,WD,ГТС,230,21612.32,25934.78
2025-10-23,WD,ГТС,36,21636.48,25963.78
2025-10-24,WD,ГТС,30,21646.55,25975.86
2025-10-25,WD,ГТС,30,21646.55,25975.86
2025-10-26,WD,ГТС,30,21649.91,25979.89
2025-10-27,WD,ГТС,32,21656.17,25987.4
2025-10-28,WD,ГТС,30,21657.92,25989.5
2025-10-29,WD,ГТС,30,21663.78,25996.54
2025-10-30,WD,ГТС,65,21591.3,25909.56
2025-10-31,WD,ГТС,353,21624.71,25949.65
2025-11-03,WD,ГТС,1,21000,25200
2025-11-04,WD,ГТС,30,21000,25200
2025-11-05,WD,ГТС,30,21001,25201.2
2025-11-06,WD,ГТС,30,21029.5,25235.4
2025-11-07,WD,ГТС,30,21047.44,25256.93
2025-11-08,WD,ГТС,10,21089,25306.8
2025-11-10,WD,ГТС,18,21089,25306.8
2025-11-11,WD,ГТС,510,21431.71,25718.05
2025-11-11,WD,ПСГ,16,20958.75,25150.5
2025-11-12,WD,ГТС,447,21450.56,25740.67
2025-11-12,WD,ПСГ,1,21100,25320
2025-11-13,WD,ГТС,665,21387.24,25664.69
2025-11-14,WD,ГТС,618,21314.68,25577.62
2025-11-14,WD,ПСГ,56,20950,25140
2025-11-15,WD,ГТС,602,21295.4,25554.48
2025-11-16,WD,ГТС,600,21291.67,25550
2025-11-17,WD,ГТС,700,21291.67,25550
2025-11-18,WD,ГТС,612,21271.24,25525.49
2025-11-18,WD,ПСГ,60,20800,24960
2025-11-19,WD,ГТС,612,21209.56,25451.47
2025-11-19,WD,ПСГ,3,20950,25140
2025-11-20,WD,ГТС,13,21200,25440
2025-11-21,WD,ГТС,10,21180,25416
2025-11-22,WD,ГТС,2,21180,25416
2025-11-24,WD,ГТС,1,21100,25320
2025-11-24,WD,ПСГ,22,20859.09,25030.91
2025-11-25,WD,ПСГ,30,20566.67,24680
2025-11-26,WD,ПСГ,4,20200,24240
2025-11-27,WD,ГТС,62,20672.85,24807.42
2025-11-28,WD,ГТС,150,20577.55,24693.06
2025-11-28,WD,ПСГ,40,20700,24840
2025-11-29,WD,ГТС,75,20567.95,24681.54
2025-11-30,WD,ГТС,162,20550,24660
2025-12-01,WD,ГТС,205,20416.26,24499.51
2025-12-02,WD,ГТС,280,20235.71,24282.85
2025-12-03,WD,ГТС,341,20123.53,24148.24
2025-12-04,WD,ГТС,385,20073.38,24088.06
2025-12-05,WD,ГТС,464,19895.99,23875.19
2025-12-06,WD,ГТС,87,19821.26,23785.51
2025-12-07,WD,ГТС,243,19844.73,23813.68
2025-12-08,WD,ГТС,292,19750,23700
2025-12-09,WD,ГТС,431,19716.94,23660.33
2025-12-10,WD,ПСГ,6,19700,23640
2025-12-10,WD,ГТС,509,19822.63,23787.16
2025-12-11,WD,ГТС,330,19990.08,23988.1
2025-12-11,WD,ПСГ,50,19750,23700
2025-12-12,WD,ГТС,300,19949.81,23939.77
2025-12-13,WD,ГТС,100,19875,23850
2025-12-14,WD,ГТС,150,19883.33,23860
2025-12-15,WD,ГТС,270,20068.52,24082.22
2025-12-16,WD,ГТС,465,20294.21,24353.05
2025-12-16,WD,ПСГ,110,19227,23072.4
2025-12-17,WD,ГТС,526,20319.99,24383.99
2025-12-17,WD,ПСГ,4,19830,23796
2025-12-18,WD,ГТС,600,20353.9,24424.68
2025-12-19,WD,ГТС,465,20389.03,24466.84
2025-12-20,WD,ГТС,364,20291.67,24350
2025-12-21,WD,ГТС,365,20291.67,24350
2025-12-22,WD,ГТС,650,20283.82,24340.58
2025-12-23,WD,ГТС,465,20250,24300
2025-12-23,WD,ПСГ,20,20016.67,24020
2025-12-24,WD,ПСГ,35,20000,24000
2025-12-25,WD,ГТС,10,20000,24000
2025-12-26,WD,ГТС,20,19900,23880
2025-12-26,WD,ПСГ,47,20000,24000
2025-12-27,WD,ГТС,45,19972.41,23966.89
2025-12-28,WD,ГТС,15,19950.13,23940.16
2025-12-29,WD,ГТС,45,19907.16,23888.59
2025-12-30,WD,ГТС,15,19902.39,23882.87
2025-12-31,WD,ГТС,15,19901.59,23881.91
2026-01-02,WD,ПСГ,3,19900,23880
2026-01-03,WD,ГТС,32,19800,23760
2026-01-04,WD,ГТС,11,19763.64,23716.37
2026-01-05,WD,ГТС,175,19410,23292
2026-01-06,WD,ГТС,276,19351.81,23222.17
2026-01-06,WD,ПСГ,12,19600,23520
2026-01-07,WD,ГТС,131,19300,23160
2026-01-07,WD,ПСГ,40,19600,23520
2026-01-08,WD,ГТС,165,19301.11,23161.33
2026-01-09,WD,ГТС,196,19300.11,23160.13
2026-01-10,WD,ГТС,133,19300.9,23161.08
2026-01-11,WD,ГТС,59,19305.08,23166.1
2026-01-12,WD,ГТС,655,19397.01,23276.41
2026-01-13,WD,ГТС,412,19495.35,23394.42
2026-01-14,WD,ГТС,380,19552.85,23463.42
2026-01-15,WD,ГТС,504,19815.15,23778.18
2026-01-16,WD,ГТС,387,21099.13,25318.96
2026-01-17,WD,ГТС,250,21315.46,25578.55
2026-01-18,WD,ГТС,84,21366.99,25640.39
2026-01-19,WD,ГТС,228,21675.11,26010.13
2026-01-20,WD,ГТС,101,22005.72,26406.86
2026-01-21,WD,ГТС,36,22296.99,26756.39
2026-01-21,WD,ПСГ,1,22005,26406
2026-01-22,WD,ГТС,43,22110.46,26532.55
2026-01-24,WD,ГТС,20,21700,26040
2026-01-25,WD,ГТС,20,21300,25560
2026-01-26,WD,ГТС,27,20938.28,25125.94
2026-01-26,WD,ПСГ,2,21300,25560
2026-01-27,WD,ГТС,81,20794.19,24953.03
2026-01-28,WD,ГТС,125,20790.3,24948.36
2026-01-29,WD,ГТС,380,20786.02,24943.22
2026-01-30,WD,ГТС,370,21011.89,25214.27
2026-01-31,WD,ГТС,355,21306.61,25567.93
2026-02-01,WD,ГТС,235,21013.39,25216.07
2026-02-02,WD,ГТС,530,21000.63,25200.76
2026-02-03,WD,ГТС,462,21016.81,25220.17
2026-02-03,WD,ПСГ,250,20666.7,24800.04
2026-02-04,WD,ГТС,487,20976.17,25171.4
2026-02-04,WD,ПСГ,1,21000,25200
2026-02-05,WD,ГТС,483,20943.12,25131.74
2026-02-05,WD,ПСГ,400,20816.5,24979.8
2026-02-06,WD,ГТС,441,20923.52,25108.22
2026-02-07,WD,ГТС,432,20883.39,25060.07
2026-02-08,WD,ГТС,210,20850,25020
2026-02-09,WD,ГТС,227,20935.77,25122.92
2026-02-10,WD,ГТС,728,20979.92,25175.9
2026-02-11,WD,ГТС,815,20959.22,25151.06
2026-02-12,WD,ГТС,621,20974.18,25169.02
2026-02-12,WD,ПСГ,1,20900,25080
2026-02-13,WD,ГТС,654,20948.71,25138.45
2026-02-14,WD,ГТС,23,20900,25080
2026-02-15,WD,ГТС,67,20884.33,25061.2
2026-02-16,WD,ГТС,32,20818.75,24982.5
2026-02-16,WD,ПСГ,2,20600,24720
2026-02-17,WD,ГТС,307,20770.68,24924.82
2026-02-18,WD,ГТС,290,20688.53,24826.24
2026-02-19,WD,ГТС,75,20719.58,24863.5
2026-02-20,WD,ГТС,10,20635,24762
2026-02-21,WD,ГТС,55,20504.55,24605.46
2026-02-22,WD,ГТС,45,20452.22,24542.66
2026-02-23,WD,ГТС,120,20266.67,24320
2026-02-24,WD,ГТС,15,20250,24300
2026-02-25,WD,ГТС,234,19756.2,23707.44
2026-02-26,WD,ГТС,340,19511.32,23413.58
2026-02-27,WD,ГТС,296,19423.21,23307.85
2026-02-27,WD,ПСГ,2,19600,23520
2026-02-28,WD,ГТС,265,19313.95,23176.74
2026-03-01,WD,ГТС,716,19207.49,23048.99
2026-03-02,WD,ГТС,623,19225.26,23070.31
2026-03-03,WD,ГТС,31,19471.13,23365.36
2026-03-04,WD,ГТС,125,22287.2,26744.64
2026-03-05,WD,ГТС,424,22747.23,27296.68
2026-03-06,WD,ГТС,67,22748.97,27298.76
2026-03-07,WD,ГТС,14,22748.97,27298.76
2026-03-09,WD,ГТС,55,22940.44,27528.53
2026-03-10,WD,ГТС,325,23251.7,27902.04
2026-03-10,WD,ПСГ,100,22800,27360
2026-03-11,WD,ГТС,500,23400,28080
2026-03-12,WD,ГТС,350,23100,27720
2026-03-13,WD,ГТС,200,23103.63,27724.36
2026-03-14,WD,ГТС,150,22900,27480
2026-03-16,WD,ГТС,211,22900,27480
2026-03-17,WD,ГТС,519,22801.73,27362.08
2026-03-18,WD,ГТС,481,22937.72,27525.26
2026-03-19,WD,ГТС,660,23161.15,27793.38
2026-03-20,WD,ГТС,276,23580.6,28296.72
2026-03-21,WD,ГТС,535,23838.41,28606.09
2026-03-22,WD,ГТС,434,23896.54,28675.85
2026-03-23,WD,ГТС,568,24072.57,28887.08
2026-03-24,WD,ГТС,463,24098.52,28918.22
2026-03-24,WD,ПСГ,100,24100,28920
2026-03-25,WD,ГТС,259,24099.85,28919.82
2026-03-25,WD,ПСГ,1,23835,28602
2026-03-26,WD,ГТС,491,24234.21,29081.05
2026-03-27,WD,ГТС,692,24234.84,29081.81
2026-03-28,WD,ГТС,325,24202.68,29043.22
2026-03-29,WD,ГТС,25,24203,29043.6
2026-03-30,WD,ГТС,31,24205,29046
2026-03-31,WD,ГТС,429,24433.22,29319.86
2026-04-01,WD,ГТС,31,24444.62,29333.54
2026-04-02,WD,ГТС,317,24558.12,29469.74
2026-04-03,WD,ГТС,406,24666.34,29599.61
2026-04-04,WD,ГТС,75,24698.66,29638.39
2026-04-05,WD,ГТС,74,24700,29640
2026-04-06,WD,ГТС,57,24663.16,29595.79
2026-04-07,WD,ГТС,1291,24655.78,29586.94
2026-04-08,WD,ПСГ,54,24850,29820
2026-04-08,WD,ГТС,897,24759.21,29711.05
2026-04-09,WD,ГТС,976,24906.31,29887.57
2026-04-10,WD,ГТС,371,25423.3,30507.96
2026-04-11,WD,ГТС,280,25165.85,30199.02
2026-04-12,WD,ГТС,262,25377.67,30453.2
2026-04-13,WD,ГТС,373,25559.65,30671.58
2026-04-14,WD,ГТС,154,25496.05,30595.26
2026-04-15,WD,ГТС,90,25354.81,30425.77
2026-04-16,WD,ГТС,70,25007.14,30008.57
2026-04-17,WD,ГТС,100,24821.25,29785.5
2026-04-18,WD,ГТС,38,24681.55,29617.86
2026-04-19,WD,ГТС,31,24571.22,29485.46
2026-04-20,WD,ГТС,333,24667.51,29601.01
2026-04-20,WD,ПСГ,100,24700,29640
2026-04-21,WD,ГТС,331,24566.31,29479.57
2026-04-22,WD,ГТС,426,24336.41,29203.69
2026-04-23,WD,ГТС,800,23932.4,28718.88
2026-04-23,WD,ПСГ,200,23700,28440
2026-04-24,WD,ГТС,376,23134.76,27761.71
2026-04-25,WD,ГТС,30,23297.69,27957.23
2026-04-26,WD,ГТС,14,23200,27840
2026-04-26,WD,ПСГ,5,23500,28200
2026-04-27,WD,ГТС,717,22561.9,27074.28
2026-04-28,WD,ГТС,978,22493.66,26992.39
2026-04-28,WD,ПСГ,15,22800,27360
2026-04-29,WD,ГТС,1056,22421.54,26905.85
2026-04-29,WD,ПСГ,5,22700,27240
2026-04-30,WD,ГТС,1311,22349.12,26818.94
2026-05-01,WD,ГТС,466,22491.58,26989.9
2026-05-02,WD,ГТС,25,22491.58,26989.9
2026-05-04,WD,ГТС,528,22417.16,26900.59
2026-05-05,WD,ГТС,573,22435.97,26923.16
2026-05-06,WD,ГТС,414,22336.05,26803.26
2026-05-07,WD,ГТС,471,22333.6,26800.32
2026-05-08,WD,ГТС,216,22229.68,26675.62
2026-05-09,WD,ГТС,446,22025.38,26430.46
2026-05-10,WD,ГТС,260,21904.62,26285.54
2026-05-11,WD,ГТС,136,21957.54,26349.05
2026-05-12,WD,ГТС,647,21969.04,26362.85
2026-05-13,WD,ГТС,828,22059.75,26471.7
2026-05-13,WD,ПСГ,45,22250,26700
2026-05-14,WD,ГТС,435,22019.14,26422.97
2026-05-15,WD,ГТС,250,21671.79,26006.15
2026-05-16,WD,ГТС,64,21615.62,25938.74
2026-05-17,WD,ГТС,74,21511.2,25813.44
2026-05-18,WD,ГТС,468,21395.77,25674.92
2026-05-19,WD,ГТС,429,21373.95,25648.74
2026-05-20,WD,ГТС,445,21306.43,25567.72
2026-05-20,WD,ПСГ,110,21667,26000.4
2026-05-21,WD,ГТС,565,21512.21,25814.65
2026-05-22,WD,ГТС,703,21536.01,25843.21
2026-05-23,WD,ГТС,246,21617.99,25941.59
2026-05-24,WD,ГТС,192,21698.7,26038.44
2026-05-25,WD,ГТС,367,21671.75,26006.1
2026-05-26,WD,ГТС,599,21657.4,25988.88
2026-05-27,WD,ГТС,862,21586.18,25903.42
2026-05-28,WD,ГТС,608,21606.03,25927.24
2026-05-29,WD,ГТС,753,21601.42,25921.7
2026-05-30,WD,ГТС,536,21582.35,25898.82
2026-05-31,WD,ГТС,625,21577.28,25892.74
2026-06-01,WD,ГТС,181,21450.44,25740.53
2026-06-02,WD,ГТС,336,21420.66,25704.79
2026-06-03,WD,ГТС,306,21411.78,25694.14
2026-06-04,WD,ГТС,205,21493.61,25792.33
2026-06-05,WD,ГТС,194,21499.35,25799.22
2026-06-06,WD,ГТС,231,21451.3,25741.56
2026-06-07,WD,ГТС,131,21448.85,25738.62
2026-06-08,WD,ГТС,315,21429.96,25715.95
2026-06-09,WD,ГТС,121,21487.02,25784.42
2026-06-10,WD,ГТС,66,21498.59,25798.31
2026-06-11,WD,ГТС,382,21578.89,25894.67
2026-06-12,WD,ГТС,277,21585.16,25902.19
2026-06-13,WD,ГТС,78,21524.4,25829.28
2026-06-14,WD,ГТС,35,21500,25800
2026-06-15,WD,ГТС,147,21410.88,25693.06
2026-06-16,WD,ГТС,26,21463.5,25756.2
2026-06-17,WD,ГТС,117,21626.64,25951.97
2026-06-18,WD,ГТС,273,21589.92,25907.9
2026-06-19,WD,ГТС,256,21439.93,25727.92
2026-06-20,WD,ГТС,180,21286.88,25544.26
2026-06-21,WD,ГТС,226,21141.48,25369.78
2026-06-22,WD,ГТС,328,21100,25320
2026-06-23,WD,ГТС,456,21015.64,25218.77
2026-06-24,WD,ГТС,840,21094.69,25313.63
2026-06-25,WD,ГТС,917,21313.14,25575.77
2026-06-26,WD,ГТС,388,21241.95,25490.34
2026-06-27,WD,ГТС,353,21096.43,25315.72
2026-06-28,WD,ГТС,276,21072.71,25287.25
2026-06-29,WD,ГТС,274,20959.12,25150.94
2026-06-30,WD,ГТС,509,20987.4,25184.88
2026-07-01,WD,ГТС,75,20902.93,25083.52
2026-07-02,WD,ГТС,13,20791.76,24950.11
2026-07-02,WD,ПСГ,20,21167,25400.4
2026-07-03,WD,ГТС,84,20682.02,24818.42
2026-07-03,WD,ПСГ,18,20830,24996
2026-07-04,WD,ГТС,5,20656,24787.2
2026-07-05,WD,ГТС,20,20575,24690
2026-07-06,WD,ГТС,119,20477.73,24573.28
2026-07-07,WD,ГТС,512,20330.93,24397.12
2026-07-08,WD,ГТС,1325,20310.15,24372.18
2026-07-09,WD,ГТС,1024,20476.92,24572.3
2026-07-10,WD,ГТС,588,20471.3,24565.56
2026-07-11,WD,ГТС,24,20467.75,24561.3
2026-07-12,WD,ГТС,27,20502.78,24603.34
2026-07-13,WD,ГТС,24,20550,24660
2026-07-14,WD,ГТС,127,20742.56,24891.07
2026-07-15,WD,ПСГ,20,21200,25440
2026-07-15,WD,ГТС,488,20714.05,24856.86
2026-07-16,WD,ГТС,526,20802.02,24962.42
2026-07-17,WD,ГТС,307,20942.06,25130.47
2026-07-18,WD,ГТС,50,21196.53,25435.84
2026-07-19,WD,ГТС,62,21197.02,25436.42
2026-07-20,WD,ГТС,159,21217.05,25460.46
2026-07-21,WD,ГТС,248,21184.77,25421.72
2026-07-22,WD,ГТС,446,21007.67,25209.2
2026-07-23,WD,ГТС,289,20946.74,25136.09
2026-07-24,WD,ГТС,665,20849.31,25019.17
2026-07-25,WD,ГТС,185,20800.76,24960.91
2026-07-26,WD,ГТС,88,20716.79,24860.15
2026-07-27,WD,ГТС,1112,20611.34,24733.61
2026-07-28,WD,ГТС,2326,20557.22,24668.66
2026-07-29,WD,ГТС,511,20932.45,25118.94
2026-07-30,WD,ГТС,479,21036.41,25243.69
2026-07-31,WD,ГТС,850,21037.66,25245.19
2026-07-31,WD,ПСГ,6,21500,25800
2026-08-01,WD,ГТС,248,20990.59,25188.71
2026-08-02,WD,ГТС,109,20954.74,25145.69
2026-08-03,WD,ГТС,377,21029.18,25235.02
2026-08-04,WD,ГТС,548,21037.99,25245.59
2026-08-05,WD,ГТС,498,21085.12,25302.14
2026-08-06,WD,ГТС,250,21278.6,25534.32
2026-08-07,WD,ГТС,245,21284.3,25541.16
2026-08-08,WD,ГТС,181,21148.9,25378.68
2026-08-09,WD,ГТС,241,21103,25323.6
2026-08-10,WD,ГТС,181,21145.17,25374.2
2026-08-11,WD,ГТС,541,21198.51,25438.21
2026-08-12,WD,ГТС,342,21290.97,25549.16
2026-08-13,WD,ГТС,260,21292.4,25550.88
2026-08-14,WD,ГТС,301,21261.49,25513.79
2026-08-15,WD,ГТС,30,21233.33,25480
2026-08-16,WD,ГТС,442,21061.35,25273.62
2026-08-17,WD,ГТС,723,20906.75,25088.1
2026-08-18,WD,ГТС,700,20753.14,24903.77
2026-08-19,WD,ГТС,872,20459.06,24550.87
2026-08-20,WD,ГТС,422,20469.15,24562.98
2026-08-21,WD,ГТС,339,20464.88,24557.86
2026-08-22,WD,ГТС,115,20207.33,24248.8
2026-08-23,WD,ГТС,20,20207.33,24248.8
2026-08-24,WD,ГТС,56,20020.71,24024.85
2026-08-25,WD,ГТС,100,19685.57,23622.68
2026-08-26,WD,ГТС,150,19002.56,22803.07
2026-08-27,WD,ГТС,272,18885.29,22662.35
2026-08-28,WD,ГТС,424,18691.86,22430.23
2026-08-29,WD,ГТС,8,18692,22430.4
2026-08-30,WD,ГТС,20,18692,22430.4
2026-08-31,WD,ГТС,45,18696.44,22435.73
2026-09-01,WD,ГТС,126,18504.17,22205
2026-09-02,WD,ПСГ,5,18650,22380
2026-09-02,WD,ГТС,234,18438.07,22125.68
2026-09-03,WD,ГТС,415,18277.17,21932.6
2026-09-04,WD,ГТС,220,18327.97,21993.56
2026-09-05,WD,ГТС,221,18333.45,22000.14
2026-09-06,WD,ГТС,20,18333.45,22000.14
